mtllib tree.mtl
v 0.2425 0.6844809 -0.1685507
v 0.3316283 0.6693063 -0.09914806
v 0.2963454 0.6836421 -0.07767351
v 0.3081461 0.6357484 -0.1429558
v 0.3029541 0.6249917 -0.1850141
v 0.2774179 0.6215072 -0.2203318
v 0.2383802 0.6262288 -0.2394454
v 0.1963009 0.6378915 -0.2372335
v 0.1679465 0.6804442 -0.2308596
v 0.1459121 0.6685169 -0.1767594
v 0.1444894 0.7566574 -0.1099817
v 0.1685148 0.7549119 -0.07349442
v 0.215678 0.6780365 -0.08026984
v 0.3760797 0.6286395 -0.03810586
v 0.3097693 0.6555817 0.002253395
v 0.3690091 0.5813801 -0.1165798
v 0.3592512 0.5611641 -0.1956236
v 0.311259 0.5546154 -0.261999
v 0.2369771 0.5852838 -0.3468705
v 0.1674768 0.6137743 -0.3115031
v 0.03313988 0.6772809 -0.202138
v 0.01288521 0.7429473 -0.05074879
v 0.1044033 0.7195041 -0.004923422
v 0.195226 0.6608558 0.001231287
v 0.3640246 0.5478176 0.007118713
v 0.2783244 0.5870106 0.06521679
v 0.4059134 0.5094639 -0.08790934
v 0.3794191 0.4651976 -0.3440543
v 0.2282791 0.5058964 -0.3781422
v 0.1215768 0.5341978 -0.3697976
v 0.008349121 0.5875714 -0.2904006
v -0.06906915 0.6407602 -0.1629572
v 0.01874447 0.611022 0.1085037
v 0.1769225 0.6275547 0.09506993
v 0.2520489 0.5041064 0.09447102
v 0.4671355 0.4314699 -0.01710719
v 0.4511736 0.3971944 -0.2367242
v 0.4475088 0.4801841 -0.2580589
v 0.3737447 0.3801525 -0.3345142
v 0.2135248 0.4012628 -0.3382334
v -0.03347975 0.4715571 -0.3391797
v 0.106729 0.3859639 -0.3801237
v -0.1053818 0.5459743 -0.1827404
v -0.08163053 0.5394665 0.04085467
v -0.07349169 0.6290016 0.0422552
v 0.1514463 0.5609099 0.1426656
v 0.02551305 0.5304819 0.136167
v 0.3778663 0.3807448 0.08122076
v 0.2483788 0.436936 0.1367514
v 0.4407724 0.352914 0.005024586
v 0.350045 0.2529743 -0.2980997
v 0.4224942 0.2655036 -0.1959102
v 0.1925846 0.3213423 -0.315208
v 0.08123147 0.3102092 -0.3490275
v -0.05623746 0.3945053 -0.3091637
v -0.1235027 0.4650414 -0.1608912
v -0.09336466 0.499279 0.004498262
v 0.008691072 0.5031359 0.1417435
v 0.1199792 0.4891648 0.1989132
v 0.30373 0.3176967 0.07341792
v 0.2180297 0.3568897 0.1315159
v 0.3456187 0.2793431 -0.02161009
v 0.3749802 0.2017488 -0.1637602
v 0.3112695 0.1907303 -0.2536244
v 0.1689652 0.2552384 -0.2659305
v 0.06241673 0.2847692 -0.2603299
v -0.02328354 0.3239622 -0.202232
v -0.0651722 0.3623158 -0.1072039
v -0.08809263 0.4142426 0.01434121
v -0.02322489 0.4360185 0.1549945
v 0.1044481 0.4051095 0.1918866
v 0.2455413 0.257282 0.05552911
v 0.1819322 0.2863721 0.0986509
v 0.2766322 0.2288147 -0.0150035
v 0.2668743 0.2085985 -0.09404718
v 0.2188822 0.2020497 -0.1604228
v 0.1455151 0.2109237 -0.1963447
v 0.066432 0.2328422 -0.1921878
v 0.002822995 0.2619323 -0.1490659
v -0.02826798 0.2903994 -0.07853341
v -0.01851004 0.3106155 0.0005103089
v 0.02948213 0.3171643 0.06688578
v 0.1028491 0.3082904 0.1028078
v 0.1782859 0.2184097 0.0191755
v 0.1444402 0.2338883 0.04212021
v 0.194829 0.2032627 -0.01835385
v 0.189637 0.1925058 -0.06041227
v 0.1641009 0.1890215 -0.09572984
v 0.1250632 0.1937431 -0.1148435
v 0.08298385 0.2054057 -0.1126316
v 0.04913825 0.2208841 -0.08968705
v 0.0325951 0.2360313 -0.05215745
v 0.0377872 0.246788 -0.01009927
v 0.0633232 0.2502726 0.02521851
v 0.102361 0.2455509 0.04433209
v 0.1100758 0.2057691 -0.03125737
v 0.06929827 0.6730275 -0.2892624
v 0.4038487 0.4582787 0.05535007
v 0.04630393 -0.4923374 0.07167886
v 0.08120513 -0.4941506 0.04087294
v 0.07956773 -0.6739315 0.0495997
v 0.04466653 -0.6721183 0.08040561
v 0.09600234 -0.4964269 -0.00324339
v 0.09436494 -0.6762077 0.005483355
v 0.0867306 -0.4985561 -0.04884919
v 0.0850932 -0.678337 -0.04012244
v 0.05587423 -0.499968 -0.08372442
v 0.05423683 -0.6797489 -0.07499767
v 0.01170129 -0.5002841 -0.09852429
v 0.01006389 -0.680065 -0.08979754
v -0.03395224 -0.4994197 -0.08928319
v -0.03558964 -0.6792006 -0.08055644
v -0.0688535 -0.4976065 -0.05847725
v -0.0704909 -0.6773874 -0.0497505
v -0.08365065 -0.4953303 -0.01436093
v -0.08528805 -0.6751111 -0.005634181
v -0.07437891 -0.493201 0.03124486
v -0.07601631 -0.6729819 0.03997161
v -0.04352254 -0.4917891 0.06612009
v -0.04516 -0.67157 0.07484683
v 0.0006504655 -0.491473 0.08091997
v -0.0009869337 -0.6712539 0.08964671
v -0.02305055 -0.3185711 0.06104482
v -0.0605408 -0.3248899 0.04336527
v -0.08415174 -0.3297701 0.009061877
v -0.08755678 -0.3319037 -0.03267379
v -0.06984359 -0.3307192 -0.07065873
v -0.03575838 -0.3265342 -0.09471488
v 0.005565703 -0.3204696 -0.09839639
v 0.04305601 -0.3141508 -0.08071686
v 0.06666696 -0.3092707 -0.04641346
v 0.07007194 -0.3071371 -0.004677758
v 0.05235881 -0.3083216 0.03330716
v 0.01827365 -0.3125066 0.05736328
v -0.03484297 -0.1877062 0.05836545
v -0.005274296 -0.1805283 0.0554581
v -0.06172216 -0.1948401 0.04568097
v -0.07870966 -0.2000188 0.02080349
v -0.08125359 -0.2018542 -0.009601101
v -0.0686723 -0.199855 -0.03738594
v -0.04433709 -0.1945566 -0.05510607
v -0.01476842 -0.1873788 -0.0580134
v 0.01211077 -0.1802448 -0.04532894
v 0.02909827 -0.1750662 -0.02045144
v 0.03164214 -0.1732308 0.009953167
v 0.01906097 -0.17523 0.03773798
v -0.1317922 0.04344106 0.09181556
v -0.1498628 0.03502238 0.07713358
v -0.1577725 0.02796197 0.05476015
v -0.1534019 0.02415216 0.03069016
v -0.1379221 0.0246135 0.01137318
v -0.115481 0.02922237 0.001985155
v -0.09209156 0.036744 0.005041625
v -0.07402098 0.04516268 0.01972358
v -0.06611133 0.05222297 0.04209705
v -0.07048196 0.05603278 0.06616703
v -0.08596164 0.05557156 0.08548403
v -0.1084028 0.05096281 0.09487203
v -0.2052748 0.3316125 0.1207654
v -0.2134395 0.3229849 0.1096853
v -0.2135274 0.3136883 0.09636486
v -0.2055148 0.3062142 0.08437307
v -0.1915488 0.3025649 0.07692327
v -0.1753713 0.3037183 0.07601155
v -0.1613175 0.3093655 0.08188224
v -0.1531527 0.3179932 0.09296231
v -0.1530648 0.3272897 0.1062828
v -0.1610774 0.3347638 0.1182746
v -0.1750435 0.3384131 0.1257244
v -0.1912208 0.3372599 0.1266361
v -0.1930475 0.815309 0.2284178
v -0.141246 0.7777178 0.3456229
v -0.1912716 0.7671652 0.3424239
v -0.1191636 0.7703142 0.2793286
v -0.09608817 0.7874961 0.2369438
v -0.09843457 0.8014936 0.1877227
v -0.1255739 0.8085561 0.1448539
v -0.1702343 0.8067913 0.1198242
v -0.2240101 0.8342323 0.120411
v -0.2627631 0.7809093 0.1435315
v -0.3512825 0.8165061 0.2312032
v -0.3476241 0.796509 0.2782234
v -0.2563528 0.7426674 0.2780062
v -0.1083264 0.7106347 0.4128097
v -0.2023436 0.6908014 0.4067975
v -0.04635727 0.7183533 0.325125
v -0.002989769 0.7506449 0.2454678
v -0.00739944 0.7769516 0.1529622
v -0.04812396 0.8431454 0.04020545
v -0.1433595 0.8272784 0.02834084
v -0.3530619 0.7766476 0.04216126
v -0.486325 0.7294197 0.1761588
v -0.4156303 0.7007866 0.2726854
v -0.3041887 0.6663945 0.3226397
v -0.0918262 0.6025126 0.409382
v -0.2189745 0.5768893 0.4081564
v 0.01531678 0.6424246 0.3481273
v 0.1472774 0.7679615 0.1020612
v 0.008563936 0.788949 -0.02262169
v -0.1052696 0.7814529 -0.08435048
v -0.2755491 0.7472806 -0.08319844
v -0.4386942 0.6898124 -0.01620002
v -0.4799117 0.5018399 0.259351
v -0.3464479 0.567503 0.372691
v -0.2055385 0.4739314 0.3802823
v 0.08073914 0.538771 0.4212951
v 0.1974738 0.651557 0.2167812
v 0.1541247 0.7414091 0.2288397
v 0.1896873 0.681751 0.07261384
v 0.03996193 0.6617992 -0.04164332
v -0.216369 0.6625478 -0.1992287
v -0.02219248 0.6481183 -0.1613799
v -0.4022055 0.6064537 -0.09620501
v -0.4892092 0.4554776 0.1015341
v -0.5376937 0.5390668 0.1434934
v -0.351427 0.4673166 0.3666987
v -0.4385335 0.4107745 0.2557236
v -0.01450324 0.4022499 0.415358
v -0.1886732 0.3825576 0.3859984
v 0.09498978 0.4446086 0.3892277
v 0.2288929 0.533875 0.03532228
v 0.2329387 0.4952505 0.1776188
v 0.05929506 0.5671948 -0.06946851
v -0.01338023 0.5506986 -0.1843954
v -0.2038524 0.5653812 -0.2215878
v -0.3792255 0.5124499 -0.1232825
v -0.4566171 0.4400052 0.04750649
v -0.4391271 0.3774354 0.2371257
v -0.3627834 0.355019 0.361326
v -0.03615868 0.3301105 0.3292625
v -0.1633068 0.3044872 0.3280368
v 0.0709843 0.3700224 0.2680078
v 0.214824 0.4024057 0.1437116
v 0.2112662 0.4363716 0.01857819
v 0.05475277 0.4668545 -0.072494
v -0.05833143 0.4623855 -0.1358716
v -0.1854796 0.4367622 -0.1370973
v -0.2926226 0.3968503 -0.07584253
v -0.4048908 0.3564603 0.02646841
v -0.4322562 0.2983541 0.1981082
v -0.321245 0.2783446 0.31139
v -0.04059404 0.2713854 0.2478397
v -0.1349669 0.252367 0.2469301
v 0.03893042 0.3010091 0.2023748
v 0.08229792 0.3333006 0.1227176
v 0.07788825 0.3596073 0.03021207
v 0.02688289 0.3728805 -0.05035489
v -0.05705124 0.3695636 -0.09739551
v -0.1514242 0.3505452 -0.09830515
v -0.2309486 0.3209215 -0.05284026
v -0.2743161 0.28863 0.02681697
v -0.2699063 0.2623234 0.1193224
v -0.218901 0.2490501 0.1998895
v -0.05685681 0.2426032 0.1529446
v -0.1070715 0.2324837 0.1524605
v -0.0145427 0.2583656 0.1287532
v 0.008532643 0.2755475 0.08636847
v 0.006186247 0.2895451 0.03714736
v -0.02095306 0.2966075 -0.005721416
v -0.06561351 0.2948426 -0.03075115
v -0.1158282 0.2847232 -0.03123521
v -0.1581423 0.2689607 -0.00704385
v -0.1812176 0.2517788 0.03534087
v -0.1788713 0.2377813 0.08456197
v -0.1517319 0.2307189 0.1274308
v -0.08298534 0.2472353 0.05602288
v -0.2757031 0.8411026 -0.003676128
v -0.0265922 0.4979004 0.443692
v 0.03282708 -0.06171036 0.0164774
v 0.05382973 -0.07634199 0.004013393
v 0.01114625 -0.1702189 0.04229182
v -0.009856403 -0.1555873 0.05475583
v 0.06415421 -0.09024942 -0.01858163
v 0.02147073 -0.1841264 0.01969679
v 0.06103408 -0.09970617 -0.04525335
v 0.0183506 -0.1935831 -0.006974924
v 0.04530537 -0.1021783 -0.06885509
v 0.002621889 -0.1960553 -0.03057667
v 0.0211826 -0.09700358 -0.08306281
v -0.02150089 -0.1908805 -0.04478438
v -0.004870594 -0.08556831 -0.08406953
v -0.04755408 -0.1794453 -0.0457911
v -0.02587324 -0.07093668 -0.0716055
v -0.06855673 -0.1648136 -0.03332708
v -0.03619772 -0.05702925 -0.04901049
v -0.0788812 -0.1509062 -0.01073206
v -0.0330776 -0.04757249 -0.02233878
v -0.07576108 -0.1414495 0.01593965
v -0.01734889 -0.04510033 0.001262967
v -0.06003237 -0.1389773 0.03954139
v 0.006773949 -0.05027509 0.01547068
v -0.03590959 -0.144152 0.0537491
v 0.02468562 0.05879903 -0.02778539
v 0.04131448 0.05932295 -0.01929303
v 0.0141235 0.05386615 -0.0423807
v 0.01245832 0.0458461 -0.05916816
v 0.02013624 0.03688776 -0.07364957
v 0.03509992 0.02939153 -0.08194468
v 0.0533399 0.02536607 -0.08183078
v 0.06996876 0.02588999 -0.07333841
v 0.08053082 0.03082275 -0.0587431
v 0.082196 0.0388428 -0.04195564
v 0.07451808 0.04780126 -0.02747422
v 0.0595544 0.05529737 -0.01917912
v 0.1011231 0.2491324 -0.04992602
v 0.1134692 0.251694 -0.04478422
v 0.09329867 0.2438244 -0.05972558
v 0.09209275 0.237192 -0.07155711
v 0.09782827 0.2310126 -0.08225035
v 0.1089684 0.2269418 -0.08894008
v 0.1225283 0.2260705 -0.08983376
v 0.1348744 0.2286321 -0.08469195
v 0.1426987 0.2339401 -0.07489239
v 0.1439047 0.2405723 -0.06306086
v 0.1381692 0.2467518 -0.05236762
v 0.127029 0.2508225 -0.04567789
v 0.005145252 0.3277285 0.06971046
v 0.05960256 0.06222832 -0.04789143
v 0.06105447 0.05612278 -0.03657411
v 0.007959723 0.3331703 0.05831164
v 0.05211765 0.06576538 -0.05783802
v 0.005286753 0.3349426 0.04577438
v 0.04060543 0.065786 -0.06374869
v -0.00215739 0.3325706 0.03545811
v 0.0281505 0.06228483 -0.06403971
v -0.0123781 0.3266896 0.03012697
v 0.01809019 0.05619991 -0.05863307
v -0.02263671 0.3188758 0.03120951
v 0.01312011 0.04916167 -0.04897749
v -0.03018445 0.3112226 0.03841561
v 0.01457202 0.04305613 -0.03766017
v -0.03299886 0.3057808 0.04981445
v 0.02205694 0.03951907 -0.02771358
v -0.03032589 0.3040084 0.06235169
v 0.03356916 0.03949845 -0.02180291
v -0.02288175 0.3063805 0.07266797
v 0.04602408 0.04299963 -0.0215119
v -0.01266104 0.3122613 0.0779991
v 0.05608439 0.04908454 -0.02691854
v -0.002402484 0.3200753 0.07691658
v -0.009968042 0.2045705 0.003362488
v -0.003954828 0.2101194 -0.009209361
v 0.01206601 0.1984119 -0.002297703
v 0.00607717 0.1928526 0.01028119
v -0.003728747 0.2018298 -0.02170863
v 0.01209587 0.1902056 -0.01485381
v -0.009515822 0.1879913 -0.02163604
v 0.006136894 0.1764401 -0.01483103
v -0.01552898 0.1824424 -0.009064194
v 0.0001480579 0.1708808 -0.002252132
v -0.01575512 0.190732 0.003435068
v 0.000118196 0.1790872 0.01030397
v -0.03603721 0.1931945 -0.008694373
v -0.0360561 0.2013904 0.003868576
v -0.02947235 0.1984938 -0.02109672
v -0.02292627 0.2119892 -0.02093611
v -0.02294505 0.220185 -0.00837316
v -0.02950996 0.2148857 0.004029188
v -0.0500105 0.2103848 -0.01196499
v -0.04945481 0.2182375 0.0008031651
v -0.04205865 0.2148558 -0.02387197
v -0.03355098 0.2271798 -0.02301078
v -0.03299516 0.2350324 -0.01024262
v -0.04094708 0.2305615 0.001664355
v -0.05810302 0.2318631 -0.0143041
v -0.05679542 0.239078 -0.001218461
v -0.04923648 0.2355583 -0.02582486
v -0.0390622 0.2464687 -0.02425995
v -0.03775448 0.2536836 -0.0111743
v -0.04662108 0.2499884 0.0003464557
v -0.07047677 0.2499408 -0.01200447
v -0.06909782 0.2570778 0.001116492
v -0.06089216 0.252852 -0.02316952
v -0.04992855 0.2629006 -0.02121358
v -0.04854953 0.2700377 -0.008092601
v -0.05813414 0.2671264 0.003072448
v -0.07918751 0.2700404 -0.01095399
v -0.07758129 0.276894 0.00229165
v -0.06948274 0.2728018 -0.02205312
v -0.05817169 0.2824171 -0.01990659
v -0.0565654 0.2892706 -0.006660927
v -0.06627017 0.2865093 0.004438207
v -0.08283365 0.2916551 -0.01075811
v -0.08141434 0.2987617 0.002375055
v -0.07268202 0.2938113 -0.02158828
v -0.06111091 0.3030746 -0.01928525
v -0.05969155 0.3101813 -0.006152067
v -0.06984317 0.3080249 0.004678104
v -0.09040892 0.3113683 -0.005714256
v -0.08915478 0.3187068 0.007307816
v -0.08016402 0.3133937 -0.01648168
v -0.06866479 0.3227578 -0.014227
v -0.06741059 0.3300962 -0.0012049
v -0.07765549 0.3280708 0.009562526
v -0.173915 0.17747 0.09134863
v -0.1713256 0.1869931 0.08005248
v -0.1507487 0.1840072 0.0769124
v -0.1534614 0.1745392 0.08822607
v -0.1748005 0.1830775 0.06599571
v -0.1546806 0.1802964 0.06292059
v -0.1808648 0.1696386 0.06323507
v -0.1613252 0.1671177 0.06024242
v -0.1834543 0.1601155 0.07453123
v -0.1640378 0.1576498 0.07155609
v -0.1799794 0.1640311 0.08858801
v -0.1601059 0.1613605 0.08554791
v -0.2028453 0.164081 0.08063337
v -0.1996791 0.1681257 0.09472647
v -0.2001465 0.1735585 0.06932436
v -0.1942816 0.1870807 0.07210845
v -0.1911154 0.1911255 0.08620155
v -0.1938142 0.181648 0.09751055
v -0.223185 0.1665937 0.08557138
v -0.2202967 0.1707516 0.09969123
v -0.2203652 0.1760219 0.07425073
v -0.2146573 0.1896081 0.07704991
v -0.211769 0.193766 0.09116977
v -0.2145888 0.1843377 0.1024904
v -0.2408898 0.1729667 0.09264296
v -0.238139 0.1771796 0.106774
v -0.238023 0.1823761 0.0813185
v -0.2324055 0.1959984 0.08412503
v -0.2296547 0.2002113 0.09825605
v -0.2325215 0.1908019 0.1095805
v -0.260226 0.1809946 0.1004415
v -0.2577249 0.1853077 0.1145886
v -0.2570584 0.1902834 0.08909753
v -0.2513902 0.2038853 0.09190077
v -0.2488891 0.2081984 0.106048
v -0.2520566 0.1989096 0.1173919
v -0.2766705 0.1895609 0.1093111
v -0.2746007 0.1940566 0.1234711
v -0.2727759 0.1985418 0.09794554
v -0.2668118 0.2120184 0.10074
v -0.2647421 0.2165141 0.1149
v -0.2686366 0.2075332 0.1262655
v -0.2906706 0.2074778 0.1163082
v -0.289016 0.2121822 0.130455
v -0.2852139 0.2156738 0.1049923
v -0.2781028 0.2285739 0.1078231
v -0.2764481 0.2332783 0.12197
v -0.2819047 0.2250824 0.1332859
v -0.2999253 0.2278119 0.1221761
v -0.2983814 0.2325906 0.1363105
v -0.2926952 0.2348199 0.1110579
v -0.2839212 0.2466062 0.1140742
v -0.2823772 0.2513847 0.1282087
v -0.2896074 0.2443769 0.1393268
v -0.3111038 0.2472507 0.1324063
v -0.3093464 0.2518212 0.1465846
v -0.301981 0.2524132 0.1216769
v -0.2911009 0.262146 0.1251256
v -0.2893434 0.2667164 0.139304
v -0.2984662 0.2615539 0.1500334
v -0.324508 0.265437 0.1394864
v -0.3226905 0.2699279 0.1536825
v -0.3147552 0.2697655 0.1289438
v -0.3031849 0.2785847 0.1325974
v -0.3013673 0.2830755 0.1467936
v -0.31112 0.278747 0.1573361
v -0.3360069 0.2852705 0.1423994
v -0.3342752 0.289903 0.1565608
v -0.3254032 0.2881968 0.1322015
v -0.3130679 0.2957554 0.1361649
v -0.3113363 0.3003879 0.1503263
v -0.3219399 0.2974615 0.1605242
v -0.3467777 0.3024858 0.1463951
v -0.3452041 0.3074231 0.1604717
v -0.3359743 0.3050274 0.1363042
v -0.3235974 0.3125058 0.1402899
v -0.3220239 0.317443 0.1543665
v -0.3328272 0.3149015 0.1644574
v 0.09528983 0.1121608 -0.07052059
v 0.1000742 0.09802902 -0.07207085
v 0.08939022 0.08631647 -0.0551812
v 0.08483076 0.1005569 -0.05398846
v 0.09199917 0.08820736 -0.0800289
v 0.08140492 0.07653821 -0.06328183
v 0.07913983 0.09251761 -0.08643669
v 0.06886017 0.08100033 -0.07018973
v 0.07435548 0.1066493 -0.08488643
v 0.06430072 0.09524071 -0.06899698
v 0.08243048 0.1164709 -0.07692839
v 0.07228601 0.105019 -0.06089635
v 0.09130913 0.1062094 -0.09779017
v 0.09941465 0.1160479 -0.08988401
v 0.09626681 0.09217322 -0.09963554
v 0.1093299 0.08797526 -0.09357476
v 0.1174354 0.09781373 -0.08566861
v 0.1124777 0.11185 -0.08382323
v 0.1066183 0.1057183 -0.1115451
v 0.1148142 0.1156113 -0.103802
v 0.1116602 0.09173298 -0.1135424
v 0.1248979 0.08764052 -0.1077966
v 0.1330938 0.09753358 -0.1000534
v 0.1280519 0.111519 -0.09805617
v 0.1221837 0.1108931 -0.1222167
v 0.130293 0.1207261 -0.1143077
v 0.1275477 0.09713125 -0.1248311
v 0.141021 0.09320211 -0.1195364
v 0.1491303 0.1030351 -0.1116275
v 0.1437663 0.1167971 -0.1090131
v 0.1334245 0.1260506 -0.129259
v 0.1414494 0.1358113 -0.1211764
v 0.1391324 0.1125827 -0.1325804
v 0.1528651 0.1088753 -0.1278193
v 0.16089 0.118636 -0.1197367
v 0.1551821 0.132104 -0.1164152
v 0.1468368 0.1381866 -0.1392088
v 0.1547266 0.1477993 -0.1308215
v 0.1529753 0.125191 -0.1435019
v 0.1670035 0.1218078 -0.1394077
v 0.1748934 0.1314205 -0.1310205
v 0.1687549 0.1444162 -0.1267274
v 0.156485 0.1555289 -0.14344
v 0.1642014 0.1648902 -0.1346183
v 0.1630376 0.1431333 -0.1487701
v 0.1773064 0.1400987 -0.1452786
v 0.1850228 0.14946 -0.1364568
v 0.1784702 0.1618557 -0.1311267
v 0.159671 0.1770655 -0.1405949
v 0.1673229 0.1863114 -0.1315972
v 0.1664105 0.165005 -0.1464362
v 0.1808019 0.1621901 -0.1432797
v 0.1884539 0.171436 -0.1342819
v 0.1817144 0.1834966 -0.1284406
v 0.1655747 0.1964854 -0.1402713
v 0.1732298 0.2057377 -0.1312829
v 0.172406 0.1846122 -0.1463833
v 0.1868924 0.181991 -0.1435068
v 0.1945475 0.1912433 -0.1345183
v 0.1877162 0.2031167 -0.1284063
v 0.1769725 0.212028 -0.1499221
v 0.1847137 0.2214724 -0.1412114
v 0.1837958 0.2001369 -0.1560081
v 0.1983602 0.1976899 -0.1533836
v 0.2061015 0.2071342 -0.1446729
v 0.1992782 0.2190255 -0.1385868
v 0.1881264 0.2285111 -0.1567094
v 0.1959186 0.2380775 -0.1481793
v 0.194961 0.2166473 -0.1628358
v 0.2095878 0.2143496 -0.1604322
v 0.21738 0.2239161 -0.1519021
v 0.2105454 0.23578 -0.1457756
v 0.01727891 -0.6523504 0.0004000366
v -0.1048539 -0.656402 -0.08011504
v -0.07480085 -0.6576606 -0.1276752
v -0.1022374 -0.6559436 -0.0109663
v -0.0676524 -0.6564083 0.06124263
v -0.01036602 -0.6576716 0.1171635
v 0.05427194 -0.6593949 0.1418123
v 0.1089419 -0.6611165 0.1285843
v 0.1389949 -0.6623752 0.08102417
v 0.1363783 -0.6628336 0.01187545
v 0.1017934 -0.6623689 -0.06033348
v 0.04450703 -0.6611056 -0.1162543
v -0.02013099 -0.6593823 -0.1409031
v -0.2126726 -0.6740412 -0.1508097
v -0.1561914 -0.6764066 -0.2401936
v -0.2077551 -0.6731797 -0.02085264
v -0.1427567 -0.674053 0.1148558
v -0.03509349 -0.6764271 0.2199526
v 0.0863862 -0.679666 0.2662771
v 0.189132 -0.6829016 0.2414169
v 0.2456132 -0.6852671 0.1520329
v 0.2406957 -0.6861286 0.02207587
v 0.1756973 -0.6852552 -0.1136325
v 0.06803411 -0.6828811 -0.2187293
v -0.05344564 -0.6796423 -0.2650539
v -0.2931726 -0.7031404 -0.2031572
v -0.2170757 -0.7063274 -0.3235837
v -0.2865474 -0.7019797 -0.02806646
v -0.1989752 -0.7031564 0.154773
v -0.05392098 -0.706355 0.2963695
v 0.1097481 -0.7107187 0.3587824
v 0.2481772 -0.715078 0.3252882
v 0.3242741 -0.718265 0.2048616
v 0.3176489 -0.7194257 0.02977091
v 0.2300767 -0.718249 -0.1530685
v 0.08502251 -0.7150503 -0.294665
v -0.07864672 -0.7106867 -0.357078
v -0.3366445 -0.7401899 -0.2308435
v -0.2501103 -0.743814 -0.3677876
v -0.3291106 -0.73887 -0.03173772
v -0.2295272 -0.740208 0.1761796
v -0.06457758 -0.7438455 0.3371972
v 0.1215401 -0.7488076 0.4081706
v 0.2789558 -0.7537649 0.3700823
v 0.36549 -0.757389 0.2331382
v 0.3579561 -0.7587088 0.03403251
v 0.2583727 -0.7573708 -0.1738848
v 0.09342313 -0.7537334 -0.3349024
v -0.0926947 -0.7487713 -0.4058758
v -0.3378448 -0.7807209 -0.2305294
v -0.2513106 -0.784345 -0.3674735
v -0.3303109 -0.7794011 -0.03142362
v -0.2307276 -0.7807391 0.1764937
v -0.06577796 -0.7843765 0.3375114
v 0.1203397 -0.7893386 0.4084846
v 0.2777554 -0.7942959 0.3703964
v 0.3642896 -0.79792 0.2334523
v 0.3567557 -0.7992399 0.0343466
v 0.2571723 -0.7979019 -0.1735707
v 0.09222275 -0.7942644 -0.3345883
v -0.09389502 -0.7893023 -0.4055616
v -0.296629 -0.8198449 -0.2022528
v -0.2205321 -0.8230319 -0.3226793
v -0.2900038 -0.8186842 -0.02716203
v -0.2024316 -0.8198609 0.1556774
v -0.05737734 -0.8230596 0.2972739
v 0.1062918 -0.8274232 0.3596868
v 0.2447208 -0.8317825 0.3261926
v 0.3208177 -0.8349695 0.205766
v 0.3141925 -0.8361302 0.03067533
v 0.2266203 -0.8349535 -0.1521641
v 0.0815661 -0.8317549 -0.2937606
v -0.08210313 -0.8273913 -0.3561735
v -0.217968 -0.8528428 -0.1494241
v -0.1614869 -0.8552083 -0.238808
v -0.2130507 -0.8519813 -0.019467
v -0.1480522 -0.8528547 0.1162414
v -0.04038894 -0.8552288 0.2213382
v 0.08109069 -0.8584676 0.2676628
v 0.1838365 -0.8617033 0.2428025
v 0.2403177 -0.8640687 0.1534185
v 0.2354003 -0.8649302 0.02346152
v 0.1704018 -0.8640569 -0.1122469
v 0.0627386 -0.8616828 -0.2173437
v -0.05874115 -0.8584439 -0.2636683
v -0.1113497 -0.8757347 -0.07841526
v -0.08129668 -0.8769934 -0.1259754
v -0.1087332 -0.8752763 -0.009266548
v -0.0741483 -0.8757411 0.06294236
v -0.01686192 -0.8770043 0.1188632
v 0.04777604 -0.8787276 0.1435119
v 0.102446 -0.8804493 0.130284
v 0.132499 -0.8817079 0.08272389
v 0.1298825 -0.8821663 0.01357519
v 0.09529752 -0.8817016 -0.05863371
v 0.03801113 -0.8804383 -0.1145545
v -0.02662688 -0.878715 -0.1392033
v 0.0103662 -0.8857595 0.002208866
vn 0.2859951 0.9446542 -0.1607339
vn 0.5947047 0.4518786 -0.6649302
vn 0.6391402 0.7224768 -0.2636801
vn 0.5521533 0.6904433 -0.4673488
vn 0.3791674 0.7040113 -0.6004999
vn 0.1762224 0.7554953 -0.6310092
vn 0.550806 0.4703003 -0.6895148
vn -0.1732822 0.9742559 0.1442178
vn -0.03197793 0.6032473 -0.7969128
vn 0.4640166 0.8452269 -0.2651042
vn 0.8276519 0.4824981 0.2866843
vn -0.07087237 0.9961711 0.0511886
vn 0.478433 0.8505676 0.2182583
vn 0.699639 0.5824636 -0.4138134
vn 0.703353 0.6629907 -0.256394
vn 0.6067349 0.6182112 -0.4996877
vn 0.4036975 0.622101 -0.6708344
vn 0.2332156 0.9076418 -0.3489943
vn 0.7100248 0.5406865 -0.4511352
vn 0.02507109 0.9740458 0.2249586
vn -0.3893299 0.5522361 -0.7371958
vn -0.2748207 0.9346375 0.2256685
vn 0.5036306 0.8111275 0.2973693
vn 0.04297971 0.9753598 0.2163933
vn 0.6299133 0.3484754 0.6940996
vn 0.8473796 0.5028421 0.1705801
vn 0.9014233 0.3795113 -0.2083438
vn 0.4863266 0.762418 -0.4268553
vn 0.7706642 0.1586742 -0.6171703
vn 0.02377309 0.364144 -0.9310392
vn -0.2042164 0.6524278 -0.7298176
vn -0.4611106 0.6838043 -0.5654987
vn -0.4415529 0.800065 -0.4061122
vn -0.1231539 0.7619924 0.6357679
vn 0.4848264 0.7901511 0.3749729
vn 0.02423454 0.6700963 0.7418786
vn 0.5884395 0.09675895 0.8027307
vn 0.75367 0.6536851 0.06839187
vn 0.8374659 0.5274001 -0.1431786
vn 0.7884035 -0.1202775 -0.6032855
vn -0.02482847 -0.3532048 -0.9352165
vn -0.160719 -0.3318747 -0.9295315
vn -0.2279413 0.09036534 -0.9694725
vn -0.7038504 0.3931315 -0.5916438
vn -0.9356365 0.3356621 0.1091573
vn -0.5777805 0.03976892 0.8152228
vn -0.1885998 0.6174706 0.7636493
vn 0.4933335 0.1462151 0.8574633
vn 0.5082095 0.4387236 0.7411106
vn 0.7564059 -0.07064322 0.6502766
vn 0.9463016 -0.322761 -0.01840455
vn 0.788188 -0.3322118 -0.5180685
vn -0.01371001 -0.2734986 -0.9617747
vn 0.3043017 -0.3364798 -0.8911688
vn -0.3986665 -0.2292369 -0.8879839
vn -0.8907477 0.08383238 -0.4467
vn -0.9607156 0.2484787 0.1236278
vn -0.7620485 -0.2977031 0.5750261
vn -0.2735754 0.6648923 0.6950358
vn 0.5291774 0.4311089 0.7308328
vn 0.4700247 -0.2338745 0.8511048
vn 0.5266306 -0.6820468 0.5074173
vn 0.438496 -0.7476761 0.4987002
vn 0.6432375 -0.6680387 -0.3741256
vn -0.1770864 -0.546765 -0.8183449
vn -0.1930095 -0.541166 -0.818466
vn -0.5704976 -0.7494384 -0.335968
vn -0.8261815 -0.5445887 -0.1443859
vn -0.9852169 -0.07869395 -0.1521675
vn -0.9076006 -0.00768095 0.4197645
vn -0.4559415 0.009849099 0.8899552
vn 0.3894821 -0.206379 0.8976142
vn 0.3000077 -0.5248245 0.7965894
vn 0.5399131 -0.6706355 0.5086668
vn 0.5939571 -0.7939664 0.1297405
vn 0.0001776797 -0.9951807 0.09805845
vn 0.1402131 -0.8558803 -0.4978045
vn -0.2459899 -0.7778737 -0.5782745
vn -0.6074742 -0.6486529 -0.4585025
vn -0.8473801 -0.5028416 -0.1705797
vn -0.9014235 -0.3795109 0.208344
vn -0.6673576 -0.5193522 0.5337671
vn -0.3950884 -0.653686 0.6454455
vn -0.06147634 -0.3956041 0.9163613
vn 0.09008552 -0.7589566 0.6448796
vn 0.248522 -0.8552517 0.4547323
vn 0.2842131 -0.9367011 0.2044849
vn 0.1875948 -0.9814796 -0.03880542
vn -0.01544447 -0.9775897 -0.2099524
vn -0.2704977 -0.9260729 -0.2630971
vn -0.5092257 -0.8407339 -0.183999
vn -0.667663 -0.7444383 0.006150879
vn -0.703353 -0.6629907 0.2563939
vn -0.6067348 -0.6182114 0.4996876
vn -0.4036984 -0.6221014 0.6708335
vn -0.1486421 -0.6736185 0.7239777
vn -0.1353 -0.9023737 0.4091646
vn -0.07984306 -0.9360794 0.3426082
vn -0.06735066 -0.9645876 0.2550191
vn -0.10117 -0.9802614 0.1698595
vn -0.1722348 -0.9788998 0.1099566
vn -0.2615093 -0.9608679 0.09135506
vn -0.3450677 -0.9309981 0.1190409
vn -0.4005271 -0.8972908 0.1856
vn -0.4130181 -0.8687845 0.273184
vn -0.3791982 -0.8531101 0.3583461
vn -0.3081339 -0.8544716 0.4182486
vn -0.2188584 -0.8725037 0.4368505
vn -0.7895995 0.6133546 0.01812807
vn -0.2996701 0.7292489 0.6151375
vn -0.9957393 0.09076798 -0.01625831
vn -0.01815405 0.729378 0.6838701
vn 0.04585975 0.3279483 0.9435819
vn -0.5595471 0.4817376 0.6744153
vn -0.1134554 0.2650577 0.9575346
vn -0.9764013 0.1863566 0.109142
vn 0.3614416 0.02871632 -0.9319524
vn 0.3807102 -0.4579049 -0.8033572
vn -0.6898009 0.4775192 -0.5441968
vn -0.5611336 -0.7598224 -0.3283279
vn -0.8252678 -0.5537317 -0.1109693
vn 0.1681114 -0.9564404 -0.2386638
vn 0.3047796 0.7331788 -0.6079131
vn -0.03705194 0.9972578 -0.0640621
vn -0.149904 0.1199853 -0.9813931
vn 0.155511 0.9136785 -0.3755105
vn -0.3491898 0.4673834 -0.8121696
vn -0.8926309 -0.3806656 0.2414618
vn 0.9773014 -0.2118288 0.003248271
vn 0.8283055 -0.5374088 0.1584352
vn -0.01394493 -0.2728362 -0.9619594
vn -0.133901 -0.5195611 -0.8438761
vn 0.0006781733 -0.9926246 0.1212271
vn -0.3785217 -0.8860649 -0.2676012
vn 0.2729231 -0.8195971 0.5037596
vn 0.6926438 0.7198463 0.0454528
vn 0.4034209 0.79242 -0.4575175
vn 0.9703927 0.09943864 0.2201138
vn 0.3307407 0.7624503 -0.5561297
vn 0.1870428 -0.1218265 -0.9747683
vn 0.7720132 -0.3037321 -0.5583389
vn 0.3613724 0.5616471 0.7442867
vn 0.7194846 0.5490802 0.4252681
vn 0.302704 0.2088472 0.9299212
vn 0.3891293 -0.7140017 0.5820481
vn 0.2235507 -0.3742479 0.8999798
vn 0.4372688 0.8172702 0.3753206
vn 0.4073135 0.4225359 0.8096662
vn 0.5572895 0.3469757 0.7543449
vn -0.6417444 0.2003365 0.7402901
vn -0.7234963 0.4477704 0.5254093
vn 0.3819926 -0.1468563 0.9124225
vn -0.3524685 -0.6304662 0.6915768
vn 0.102324 -0.6744385 0.7312063
vn -0.6827385 -0.6057035 0.408646
vn -0.2028232 0.2816066 0.9378489
vn -0.8218241 -0.5632647 0.08566377
vn 0.6095412 0.3096345 0.729785
vn -0.07609129 0.9367428 0.3416476
vn 0.8373879 0.1123609 -0.5349362
vn 0.5848088 0.3279265 0.741932
vn 0.9890418 -0.1476354 -0.0002032569
vn -0.7625169 0.5484153 -0.343233
vn 0.1861434 0.910979 -0.3680596
vn -0.1287341 0.6332929 -0.7631303
vn 0.6254988 0.7263091 -0.2850026
vn 0.06196655 0.9333036 0.3537013
vn 0.7474906 -0.02905651 0.6636366
vn 0.6623318 0.03030529 0.7485975
vn 0.9481739 0.006784701 0.3176796
vn 0.9799536 -0.01855385 -0.1983605
vn 0.7491555 -0.03892093 -0.6612498
vn 0.3176218 -0.04885916 -0.9469579
vn -0.1990184 -0.04570562 -0.9789293
vn -0.6623318 -0.03030529 -0.7485974
vn -0.9481739 -0.00678468 -0.3176795
vn -0.9799536 0.01855387 0.1983605
vn -0.7491556 0.03892093 0.6612498
vn -0.3176217 0.04885914 0.9469579
vn 0.1990185 0.04570561 0.9789293
vn -0.3174298 0.0652347 0.9460353
vn -0.009096733 -0.9987826 0.04848194
vn -0.7491484 0.01390261 0.6622562
vn -0.9791856 -0.03133442 0.2005336
vn -0.9473959 -0.05791706 -0.3147804
vn -0.6623251 -0.05844981 -0.7469332
vn -0.198885 -0.03285066 -0.9794721
vn 0.3175918 0.01151118 -0.9481577
vn 0.74624 0.06220518 -0.6627642
vn 0.9734779 0.1057957 -0.2028498
vn 0.9418972 0.1313712 0.3091463
vn 0.659775 0.1325325 0.7396838
vn 0.1981563 0.1938325 0.9608138
vn 0.08711626 0.02908153 0.9957736
vn 0.07007893 0.1233935 0.9898803
vn 0.5716256 0.05149918 0.8188968
vn -0.4359325 0.07779197 0.896611
vn -0.8252344 0.02722421 0.5641339
vn -0.996521 -0.0146242 0.08204947
vn -0.9052732 -0.03626696 -0.4232791
vn -0.5737277 -0.03170712 -0.8184322
vn -0.08840101 -0.002307906 -0.9960823
vn 0.4200937 0.04365044 -0.9064304
vn 0.8138437 0.09364447 -0.5734885
vn 0.9870442 0.1345508 -0.08740573
vn 0.893361 0.1558358 0.4214515
vn -0.4231633 -0.01977897 0.9058375
vn -0.8231273 -0.01721229 0.567596
vn -0.9961841 0.03428068 0.08026299
vn -0.9043849 0.1146701 -0.4110216
vn -0.5911976 0.1999907 -0.7813381
vn -0.1247516 0.2705825 -0.9545796
vn 0.3495284 0.3173075 -0.8815588
vn 0.7537279 0.3235079 -0.5720463
vn 0.9539666 0.2846924 -0.09432942
vn 0.8845851 0.207832 0.4175107
vn 0.5656554 0.1135255 0.8167901
vn 0.1197247 -0.09282748 0.9884579
vn -0.1598067 0.2742134 -0.9482979
vn -0.3551123 -0.2590714 0.8982078
vn -0.7409679 -0.3429598 0.5773606
vn -0.9428402 -0.3184751 0.09811225
vn -0.8903213 -0.184218 -0.4164034
vn -0.5910839 0.01781721 -0.8064133
vn -0.148232 0.2201137 -0.9641459
vn 0.3135724 0.3719645 -0.8736789
vn 0.6931177 0.446146 -0.566164
vn 0.8993751 0.4253681 -0.1009274
vn 0.8588602 0.3058071 0.4109029
vn 0.5729346 0.09223047 0.8143951
vn -0.08986235 -0.1222126 0.9884275
vn -0.06498323 -0.1955566 0.9785371
vn 0.3835104 0.01362737 0.923436
vn -0.5000753 -0.3258536 0.8023367
vn -0.830555 -0.374839 0.4119152
vn -0.9431986 -0.3088703 -0.1223752
vn -0.7715726 -0.1355049 -0.6215417
vn -0.3980286 0.07579672 -0.9142364
vn 0.04256822 0.259666 -0.9647598
vn 0.4672154 0.3851017 -0.7958684
vn 0.8017205 0.4270391 -0.4181887
vn 0.9271551 0.3576256 0.111747
vn 0.7640648 0.1891133 0.6167991
vn -0.5542819 -0.2133203 0.8045285
vn -0.8922414 -0.2306351 0.3882174
vn -0.976527 -0.1512285 -0.1533782
vn -0.7803124 -0.00306418 -0.6253825
vn -0.4080402 0.153669 -0.8999384
vn 0.03551518 0.2794612 -0.9595
vn 0.484247 0.3551038 -0.7996288
vn 0.8378301 0.3605162 -0.4099621
vn 0.9500321 0.2849702 0.1274015
vn 0.769241 0.1540506 0.6201103
vn 0.3875043 -0.009103963 0.921823
vn -0.09034962 0.816964 -0.5695672
vn -0.3110649 -0.1932242 0.9305391
vn 0.0625728 -0.09215682 0.9937766
vn -0.6808445 -0.2430243 0.6909341
vn -0.9585861 -0.230541 0.1672232
vn -0.8534529 -0.09183737 -0.5130146
vn -0.4514072 0.08564428 -0.8881986
vn -0.07029081 0.2161016 -0.9738374
vn 0.2606297 0.3039825 -0.9163334
vn 0.5993742 0.3544863 -0.7176977
vn 0.9147422 0.3284696 -0.2352755
vn 0.864155 0.1620002 0.4764369
vn 0.4679441 -0.01310144 0.883661
vn -0.2140548 0.8986744 0.3828379
vn 0.4861867 0.8714622 0.06462258
vn 0.2067351 0.8623727 0.4621406
vn 0.245945 0.9353389 0.2542681
vn 0.167777 0.9842369 0.05593366
vn 0.003962205 0.9969946 -0.07737003
vn 0.4546011 0.8903252 0.02566661
vn -0.6985947 0.6434264 0.3129984
vn 0.0003938938 0.9266783 -0.3758553
vn 0.01383617 0.9205354 0.3904142
vn 0.2370647 0.398292 0.8860947
vn -0.5947983 0.7371885 0.3205746
vn -0.1841092 0.6489815 0.7381916
vn 0.3885205 0.852534 0.349625
vn 0.2821513 0.8257689 0.4883609
vn 0.33778 0.9094427 0.2425258
vn 0.2586517 0.9659597 -0.004608355
vn -0.1535399 0.9664716 0.2058111
vn 0.4339172 0.843574 0.3163839
vn -0.5863571 0.6409318 0.4953704
vn -0.2623137 0.7723858 -0.5784563
vn -0.7875649 0.5426309 0.2920501
vn -0.1785718 0.5779652 0.7962841
vn -0.5701696 0.650903 0.5012305
vn -0.01240615 0.01373797 0.9998287
vn 0.2904382 0.4856825 0.8244745
vn 0.5561519 0.6195539 0.5539387
vn 0.1424654 0.953817 0.2644555
vn 0.7490627 0.6528413 0.1127095
vn 0.2236498 0.8287015 -0.5130639
vn -0.1810947 0.8881481 -0.4223715
vn -0.4572015 0.7606266 -0.4608841
vn -0.5713835 0.7643319 -0.2988606
vn -0.7599195 0.2041738 0.6171188
vn -0.2145407 0.5124993 0.8314547
vn -0.6482049 0.1036351 0.7543807
vn 0.0422702 -0.2559484 0.9657659
vn 0.1858929 0.6422412 0.7436196
vn 0.4038709 0.683845 0.6076548
vn 0.9020498 0.4296548 0.04126596
vn 0.5644597 0.2567496 -0.7845158
vn 0.4505197 0.2398957 -0.8599315
vn 0.197188 0.5796369 -0.7906566
vn -0.4734363 0.4932006 -0.7298023
vn -0.9129825 -0.008136312 -0.4079176
vn -0.7946408 -0.5682092 0.213739
vn -0.7871718 0.002232803 0.6167299
vn -0.07712704 -0.2699122 0.9597911
vn -0.1694821 0.03034109 0.9850661
vn 0.3187381 -0.2619784 0.910919
vn 0.8754766 -0.03172518 0.4822181
vn 0.9763767 0.2139391 0.03031042
vn 0.5423216 0.3371688 -0.7695484
vn 0.7800633 0.3179189 -0.5389147
vn 0.2034367 0.2434375 -0.9483415
vn -0.5115356 0.1248638 -0.8501413
vn -0.8921002 -0.09057235 -0.442667
vn -0.6520917 -0.7358089 -0.1826519
vn -0.845507 0.06011992 0.530569
vn -0.1456385 0.03497055 0.9887197
vn 0.1070209 -0.5700268 0.8146263
vn 0.5294062 -0.711101 0.4626709
vn 0.5023216 -0.7772966 0.3787915
vn 0.9835505 -0.165299 -0.07283229
vn 0.5034063 0.003264381 -0.8640437
vn 0.4887699 0.00417881 -0.8724028
vn 0.1133734 -0.52215 -0.8452845
vn -0.2641139 -0.5288641 -0.8065647
vn -0.6217701 -0.1938803 -0.758823
vn -0.8450727 -0.4508581 -0.2873657
vn -0.7208312 -0.6076519 0.3334091
vn 0.01335827 -0.5932462 0.8049104
vn 0.1567245 -0.8050662 0.5721065
vn 0.5327205 -0.699894 0.4757702
vn 0.7984343 -0.5660226 0.2052345
vn 0.4785202 -0.8383232 -0.2612136
vn 0.7628509 -0.3537444 -0.541224
vn 0.4710884 -0.3322172 -0.8171337
vn 0.08555742 -0.3805102 -0.9208105
vn -0.2904386 -0.4856825 -0.8244744
vn -0.5561521 -0.6195536 -0.5539387
vn -0.4487363 -0.864982 -0.2245926
vn -0.2249754 -0.9741969 -0.01806869
vn -0.2288061 -0.853359 0.4684295
vn 0.1886399 -0.9482834 0.2552913
vn 0.4369517 -0.8788264 0.1916699
vn 0.6124321 -0.7904162 0.01300515
vn 0.6680607 -0.7067426 -0.2328299
vn 0.5889324 -0.6502255 -0.479964
vn 0.3962493 -0.6360087 -0.6621777
vn 0.1416405 -0.6679018 -0.7306471
vn -0.1066714 -0.7373587 -0.6670258
vn -0.2821513 -0.8257689 -0.4883609
vn -0.3377801 -0.9094426 -0.2425259
vn -0.2586519 -0.9659596 0.004608307
vn -0.06596836 -0.9801764 0.1868221
vn 0.1974887 -0.975207 -0.09984795
vn 0.2844034 -0.9508955 -0.1221167
vn 0.3458249 -0.9199502 -0.1846533
vn 0.3652964 -0.8906626 -0.2707005
vn 0.3375997 -0.8708805 -0.3572026
vn 0.2701569 -0.8659042 -0.4209812
vn 0.1810386 -0.8770675 -0.4449469
vn 0.094124 -0.9013789 -0.4226781
vn 0.03270248 -0.9323243 -0.3601416
vn 0.01323104 -0.9616118 -0.2740943
vn 0.04092763 -0.981394 -0.1875922
vn 0.1083707 -0.9863701 -0.1238136
vn -0.9114987 0.2951363 -0.2864695
vn -0.8643978 0.1509632 0.4796107
vn -0.7759793 -0.1415467 -0.6146712
vn -0.6858006 0.1742259 0.706628
vn -0.5392885 -0.2767215 0.7953573
vn -0.9522205 -0.1356844 0.2736164
vn -0.6300276 -0.3697385 0.6829045
vn -0.8650496 -0.1345128 -0.4833173
vn 0.6487569 0.6410946 -0.4100149
vn 0.8625741 0.1889071 -0.46934
vn -0.5273672 0.5352437 -0.659847
vn 0.1224649 -0.5326272 -0.8374429
vn -0.2728883 -0.5551286 -0.7857253
vn 0.7256787 -0.5760746 -0.3762029
vn 0.1007446 0.994826 0.01311143
vn -0.5213169 0.8121039 0.2621373
vn 0.2444204 0.6272017 -0.7395111
vn -0.2027977 0.9691751 0.1399028
vn -0.1563947 0.7579586 -0.6332769
vn -0.5631551 -0.6376122 -0.5256492
vn 0.8311741 0.04984052 0.553774
vn 0.8252172 -0.3287396 0.4592896
vn 0.5418786 0.3377459 -0.7696072
vn 0.5319537 0.04900487 -0.8453543
vn 0.4676891 -0.8495753 -0.2439032
vn 0.2974691 -0.62609 -0.7207798
vn 0.4154643 -0.8736673 0.2531697
vn 0.1160057 0.6938338 0.7107302
vn 0.07860453 0.9765787 0.2002881
vn 0.5710487 0.1676539 0.8036141
vn 0.08257306 0.9937281 0.07540685
vn 0.6168578 0.5086228 -0.6006575
vn 0.9666909 0.2559429 0.001392454
vn -0.3435366 0.09229905 0.9345927
vn 0.06336645 0.3464703 0.9359183
vn -0.281514 -0.3050753 0.9097686
vn 0.412771 -0.8099647 0.4166262
vn -0.02246888 -0.7635144 0.6453999
vn -0.2639849 0.5229872 0.8104298
vn -0.264732 -0.04446001 0.9632966
vn -0.09091245 -0.03841672 0.9951177
vn -0.8939038 -0.4131016 0.1740203
vn -0.9921184 -0.1129583 0.05423722
vn -0.02958833 -0.5567058 0.8301827
vn -0.2252736 -0.9730687 0.04887981
vn 0.1167488 -0.9289811 0.351232
vn -0.3616917 -0.864036 -0.3501728
vn -0.6963045 -0.3653202 0.6178197
vn -0.3490841 -0.6753336 -0.6496652
vn -0.02234717 -0.04191229 0.9988714
vn -0.6912633 0.5217033 0.4999808
vn 0.7875385 0.5838899 0.1971183
vn -0.05534467 -0.04007461 0.9976628
vn 0.8077646 0.1048797 0.5801005
vn -0.7036962 0.4587225 -0.5425729
vn -0.181934 0.9695908 0.1636876
vn -0.1011581 0.9091889 -0.4039091
vn 0.2037331 0.874644 0.4398757
vn -0.592629 0.5428551 0.5950624
vn 0.2847287 -0.2390095 0.9283341
vn 0.5524641 0.08683454 0.8290014
vn 0.8473025 -0.1817634 0.4990397
vn 0.9151068 -0.4016579 0.03536073
vn 0.7377092 -0.5139286 -0.437793
vn 0.3626427 -0.4884925 -0.7936406
vn -0.1095935 -0.3321652 -0.9368328
vn -0.5524643 -0.08683441 -0.8290012
vn -0.8473026 0.1817635 -0.4990395
vn -0.9151068 0.4016579 -0.03536076
vn -0.7377091 0.5139286 0.4377931
vn -0.3626428 0.4884925 0.7936406
vn 0.1095935 0.3321652 0.9368328
vn -0.4126758 0.3935443 0.8214753
vn -0.3880319 -0.8534268 0.3479857
vn -0.7758878 0.444267 0.4479117
vn -0.9047867 0.4235515 -0.04433068
vn -0.7652665 0.311195 -0.5634935
vn -0.4170449 0.1612761 -0.8944628
vn 0.02732661 0.005833882 -0.9996095
vn 0.472829 -0.1186133 -0.8731344
vn 0.8263451 -0.1782422 -0.5342129
vn 0.9875419 -0.1496813 -0.04854539
vn 0.8896596 -0.03747491 0.455084
vn 0.5511893 0.1214671 0.8254915
vn 0.07279538 0.2779732 0.9578266
vn -0.4331726 0.2750159 0.8583285
vn -0.909473 0.4029791 -0.1023072
vn -0.8086858 0.3777296 0.4509408
vn -0.9212492 0.3758915 -0.1000282
vn -0.766374 0.2813421 -0.5775098
vn -0.4465542 0.1375916 -0.8841142
vn -0.02870885 -0.02731817 -0.9992145
vn 0.434489 -0.1866857 -0.8811174
vn 0.8188279 -0.2899455 -0.4954317
vn 0.9562855 -0.287874 0.0514448
vn 0.813723 -0.191588 0.5487704
vn 0.4818522 -0.0461708 0.8750353
vn 0.0424531 0.1176957 0.9921418
vn 0.02363362 0.8710244 -0.4906709
vn 0.9782789 0.2068249 -0.01392508
vn 0.8050988 0.3431069 -0.4838323
vn 0.4213787 0.3887011 -0.8193604
vn -0.07289752 0.3373293 -0.93856
vn -0.5556427 0.2020594 -0.8064944
vn -0.8934391 0.01502341 -0.448933
vn -0.9842855 -0.1735388 0.03265331
vn -0.8091147 -0.3122561 0.4978249
vn -0.4255554 -0.3660923 0.8275743
vn 0.06791192 -0.3201244 0.9449383
vn 0.5486283 -0.1820023 0.816016
vn 0.8882133 0.003055519 0.4594212
vn -0.5735197 0.7852727 0.2332852
vn 0.2472174 -0.8391668 -0.4844405
vn 0.3099629 -0.2811109 0.9082399
vn 0.7370668 -0.09718326 0.6687959
vn -0.2445941 -0.38258 0.8909581
vn -0.7140244 -0.3629555 0.5986924
vn -0.9543737 -0.2464408 0.1686354
vn -0.9578239 -0.08170412 -0.2754955
vn -0.7384157 0.1003587 -0.6668361
vn -0.2998543 0.2667804 -0.9159234
vn 0.2607795 0.3591214 -0.8961171
vn 0.7240461 0.3393578 -0.6004946
vn 0.9574034 0.2324873 -0.1712555
vn 0.9590299 0.07579448 0.2729778
vn 0.3507811 0.783235 0.5133183
vn 0.6476178 0.6394399 -0.4143766
vn 0.3092403 -0.1348401 -0.9413759
vn -0.3533461 -0.7817178 -0.5138715
vn -0.6490073 -0.6384587 0.4137149
vn -0.3083631 0.1344677 0.9417169
vn -0.8907758 0.3711352 -0.262254
vn 0.8879828 -0.3839809 0.2530715
vn -0.3939174 -0.7696737 0.5024256
vn -0.4041813 -0.7468987 -0.5279961
vn -0.02567731 0.01480441 -0.9995607
vn 0.3875807 0.7718916 -0.5039491
vn 0.4126237 0.7410472 0.5297081
vn 0.02093752 -0.01266683 0.9997005
vn -0.863327 0.4220619 -0.2766412
vn -0.758596 -0.54301 0.3601004
vn -0.585861 -0.5679328 -0.578117
vn 0.1448758 -0.0453528 -0.9884099
vn 0.7958797 0.5036795 -0.3359799
vn 0.6246231 0.5204768 0.5821941
vn -0.151414 0.04921106 0.9872447
vn -0.7728295 0.5550197 -0.3077136
vn -0.9183717 -0.3095106 0.2465701
vn -0.712601 -0.3214304 -0.6236044
vn 0.1622771 -0.02748712 -0.9863623
vn 0.9466102 0.2441507 -0.2105222
vn 0.7465816 0.2411923 0.620034
vn -0.1638825 0.02880993 0.9860591
vn -0.6747425 0.6727589 -0.3035097
vn -0.7400854 -0.5549936 0.3798101
vn -0.6683019 -0.363056 -0.6492788
vn -0.0006320773 0.1662859 -0.9860774
vn 0.7369657 0.5581623 -0.3812302
vn 0.6789612 0.3393421 0.6510443
vn -0.01404047 -0.151863 0.9883019
vn -0.6049938 0.7244149 -0.3304627
vn -0.8681182 -0.3910011 0.3057595
vn -0.6947091 -0.2639105 -0.6691266
vn 0.09352139 0.1007117 -0.9905105
vn 0.8706747 0.3868026 -0.3038245
vn 0.7010881 0.2447257 0.6697648
vn -0.09149759 -0.1029958 0.9904646
vn -0.5781088 0.7511953 -0.3185844
vn -0.9655392 -0.1673578 0.1993124
vn -0.725171 -0.1059153 -0.6803742
vn 0.1522274 0.04816027 -0.9871714
vn 0.9709284 0.146812 -0.1890616
vn 0.7258053 0.1026008 0.6802058
vn -0.1627564 -0.03513264 0.9860407
vn -0.5403358 0.7631099 -0.3545427
vn -0.8565206 -0.4097312 0.3138358
vn -0.71454 -0.09474938 -0.6931488
vn -0.00848254 0.2475579 -0.9688359
vn 0.8565629 0.4096649 -0.3138068
vn 0.7125544 0.1063189 0.6935147
vn 0.0004786754 -0.2382315 0.9712083
vn -0.5408763 0.7539719 -0.3727993
vn 0.2049081 0.7252809 0.6572521
vn 0.09191478 0.9544708 -0.2837912
vn -0.1135782 0.2506706 -0.9613867
vn -0.1939115 -0.7283207 -0.657227
vn -0.08187513 -0.9560421 0.2815672
vn 0.1122268 -0.2500886 0.9616969
vn -0.9139957 0.388249 0.1177911
vn 0.8953077 -0.4230779 -0.1393887
vn -0.1041061 -0.9503343 0.2933033
vn -0.343174 -0.677928 -0.6501117
vn -0.2319762 0.2933709 -0.9274269
vn 0.1051963 0.9501508 -0.2935087
vn 0.3435607 0.6777723 0.6500698
vn 0.2276196 -0.2917691 0.9290103
vn -0.9202174 0.3789461 0.09797876
vn -0.05014047 -0.9560948 0.2887364
vn -0.2470543 -0.7131458 -0.6560391
vn -0.1946881 0.2769154 -0.9409646
vn 0.05065731 0.956039 -0.288831
vn 0.2491855 0.7124562 0.6559823
vn 0.1909607 -0.2755634 0.9421246
vn -0.9247643 0.3721259 0.0795818
vn -0.2076676 -0.9258292 0.3157761
vn -0.473464 -0.6150379 -0.6305237
vn -0.2598955 0.297455 -0.9186811
vn 0.2079561 0.9257526 -0.3158107
vn 0.4717133 0.6160077 0.6308892
vn 0.2574347 -0.2966295 0.9196404
vn -0.9272149 0.3677667 0.07085342
vn -0.2499928 -0.9132193 0.3217673
vn -0.5019722 -0.5968463 -0.6259381
vn -0.2541924 0.295158 -0.9210147
vn 0.2484843 0.9136807 -0.3216258
vn 0.5002729 0.5978659 0.6263254
vn 0.2473691 -0.2928635 0.9236014
vn -0.9254946 0.3755638 0.04911
vn -0.2927847 -0.8985628 0.3268976
vn -0.6044267 -0.5183454 -0.6049681
vn -0.3316174 0.3255025 -0.8854818
vn 0.2885685 0.9000097 -0.3266663
vn 0.602493 0.5198682 0.6055899
vn 0.3100986 -0.3183942 0.8958036
vn -0.9148623 0.4037281 0.00553601
vn -0.6868806 -0.6597643 0.3048053
vn -0.7508713 -0.3393736 -0.5665845
vn -0.1624344 0.2821676 -0.9455139
vn 0.7217456 0.6247214 -0.2980042
vn 0.7621347 0.3246972 0.5601093
vn 0.1344181 -0.2699706 0.9534399
vn -0.8682321 0.4922515 -0.06214145
vn -0.8511063 -0.4611643 0.2508894
vn -0.8044978 -0.1689116 -0.5694315
vn -0.09003498 0.2840326 -0.954578
vn 0.9006593 0.3709734 -0.2262556
vn 0.8267187 0.1209171 0.5494682
vn 0.05631453 -0.2642818 0.9628
vn -0.7809922 0.6125523 -0.1217823
vn -0.7605301 -0.5849483 0.2818323
vn -0.7769426 -0.07759786 -0.624771
vn -0.2163484 0.4568239 -0.8628472
vn 0.7838739 0.5566049 -0.2751959
vn 0.8029099 -0.00888069 0.5960342
vn 0.1685771 -0.4216428 0.8909541
vn -0.6272969 0.7605723 -0.1674173
vn -0.7111411 -0.6388101 0.2935983
vn -0.6796991 -0.2179384 -0.7003657
vn -0.025302 0.3839734 -0.9229975
vn 0.7003407 0.6496766 -0.2957079
vn 0.6877048 0.1978543 0.6985098
vn 0.01198259 -0.370123 0.9289055
vn -0.5583181 0.8088756 -0.1843939
vn -0.8163263 -0.5121967 0.2669569
vn -0.6435621 -0.2561698 -0.7212524
vn 0.128559 0.2577227 -0.9576281
vn 0.8096679 0.5215434 -0.269129
vn 0.6494693 0.2401818 0.7214585
vn -0.1453355 -0.2348566 0.9611036
vn -0.4551069 0.8612577 -0.2260818
vn -0.7844482 -0.5536651 0.2794568
vn -0.639138 -0.2257675 -0.7352086
vn 0.1179583 0.3056089 -0.9448223
vn 0.7810355 0.5579447 -0.2805018
vn 0.638105 0.2291968 0.7350448
vn -0.1271977 -0.292061 0.9479036
vn -0.4392701 0.8619339 -0.2532028
vn 0.76343 0.1917926 0.6167578
vn 0.7607227 -0.6483585 0.03053503
vn 0.01422522 -0.8223032 -0.5688719
vn -0.7620935 -0.191175 -0.6185998
vn -0.7643346 0.6444396 -0.02213969
vn -0.01590253 0.820762 0.571049
vn 0.4990114 0.2596399 -0.8267859
vn -0.5321539 -0.2384267 0.8123823
vn -0.3881713 0.7507619 -0.5344901
vn -0.605708 -0.1145674 -0.7873958
vn -0.1988534 -0.9512647 -0.2356963
vn 0.4001435 -0.7520004 0.5238135
vn 0.6112377 0.1170396 0.7827454
vn 0.1999427 0.9515513 0.2336087
vn 0.4763382 0.2779152 -0.8341852
vn -0.428829 0.7516871 -0.501071
vn -0.6653547 -0.1367949 -0.7338871
vn -0.2096401 -0.9561737 -0.2044084
vn 0.4370025 -0.7521909 0.4931915
vn 0.6704606 0.1393209 0.7287471
vn 0.2095774 0.9561634 0.2045213
vn 0.4543427 0.2843594 -0.844223
vn -0.5232514 0.7514365 -0.4019344
vn -0.5550298 -0.07039614 -0.8288464
vn -0.05713158 -0.8683343 -0.492678
vn 0.5374411 -0.7500684 0.3854278
vn 0.5605366 0.07311711 0.8248956
vn 0.05415681 0.8655721 0.4978475
vn 0.426656 0.326521 -0.8434149
vn -0.7911123 0.6095105 0.05136376
vn -0.5196844 -0.02515121 -0.8539881
vn 0.1535692 -0.5413916 -0.8266267
vn 0.7872474 -0.6153156 -0.04035201
vn 0.5282182 0.02979703 0.8485858
vn -0.1652745 0.51709 0.8398228
vn 0.3922772 0.3735527 -0.8405814
vn -0.7134206 0.6899889 -0.1222558
vn -0.5894371 -0.03160324 -0.8071959
vn 0.05279764 -0.692199 -0.7197729
vn 0.7186544 -0.6861724 0.1127092
vn 0.5957609 0.03582217 0.8023626
vn -0.06270971 0.6738914 0.7361643
vn 0.3475919 0.4380514 -0.8290301
vn -0.8371224 0.5106395 0.1961465
vn -0.5212638 0.06203939 -0.8511376
vn 0.1608618 -0.3715207 -0.9143828
vn 0.8330294 -0.523857 -0.177865
vn 0.5257628 -0.05882804 0.8485946
vn -0.1771224 0.3193961 0.930921
vn 0.3051247 0.5077304 -0.8056728
vn -0.7703331 0.02610702 0.6371071
vn -0.4305905 0.1707981 -0.8862392
vn 0.2369017 0.05856429 -0.969767
vn 0.7887012 -0.06607867 -0.6112152
vn 0.4380689 -0.1655153 0.8835725
vn -0.2428039 -0.09209575 0.9656939
vn 0.2797543 0.540595 -0.7934069
vn -0.8491318 0.2505295 0.464984
vn -0.48377 0.1558094 -0.8612143
vn 0.1926377 -0.06340614 -0.9792193
vn 0.8520015 -0.2673548 -0.4501276
vn 0.4945935 -0.1473412 0.8565441
vn -0.1950782 0.050752 0.9794738
vn 0.2574943 0.5552368 -0.790828
vn -0.7921851 0.6085226 0.04629463
vn -0.6549112 0.0115504 -0.7556177
vn 0.05893808 -0.5595042 -0.8267294
vn 0.7926734 -0.6077937 -0.04749442
vn 0.6630338 -0.003274388 0.7485823
vn -0.05733778 0.564879 0.8231794
vn 0.2365945 0.5468117 -0.8031314
vn -0.8084384 0.5822047 0.08640092
vn -0.5936449 0.07079221 -0.8016073
vn 0.08433346 -0.4324743 -0.8976936
vn 0.808768 -0.5816023 -0.08736746
vn 0.6023244 -0.06280691 0.7957768
vn -0.08339977 0.4363689 0.8958944
vn 0.218587 0.5441939 -0.8099833
vn -0.01109533 0.9993786 -0.03345878
vn -0.02952689 0.9995488 -0.005508669
vn -0.0321161 0.9992461 0.02181279
vn -0.01820385 0.9989845 0.04121558
vn 0.008504476 0.9988335 0.04753222
vn 0.04088735 0.9984008 0.03903934
vn 0.07023206 0.9973686 0.01798473
vn 0.08862861 0.996015 -0.009956249
vn 0.09118282 0.9951366 -0.03726853
vn 0.0772705 0.9953982 -0.05667125
vn 0.05059712 0.9967303 -0.06299704
vn 0.01824942 0.9983463 -0.05451341
vn -0.1024305 0.9905745 -0.09094004
vn -0.1611704 0.9869265 -0.0004438302
vn -0.1685371 0.9818448 0.08704058
vn -0.1239858 0.9810069 0.1491745
vn -0.03870886 0.9846232 0.170349
vn 0.06589221 0.9874087 0.1438137
vn 0.1609126 0.9840661 0.07563727
vn 0.219292 0.9755476 -0.01476465
vn 0.226305 0.9686847 -0.1021564
vn 0.1817537 0.9695227 -0.1642904
vn 0.09683048 0.9778509 -0.1855574
vn -0.00741007 0.987232 -0.1591165
vn -0.2334839 0.9568723 -0.1728601
vn -0.3438441 0.9390023 0.006786005
vn -0.3520919 0.9195445 0.1745544
vn -0.2665754 0.9179361 0.2938214
vn -0.1048031 0.9345063 0.3401681
vn 0.1009737 0.9505817 0.2935962
vn 0.2897795 0.9439401 0.1581294
vn 0.3988063 0.9167908 -0.02116782
vn 0.4058112 0.8942837 -0.1886109
vn 0.3202947 0.895892 -0.3078778
vn 0.1597653 0.9212869 -0.3545499
vn -0.04467828 0.9502308 -0.3083267
vn -0.4836168 0.8118702 -0.3270806
vn -0.6557998 0.7546749 0.01981197
vn -0.6378125 0.7050403 0.3100218
vn -0.4893142 0.7022474 0.517127
vn -0.2196259 0.746471 0.6281286
vn 0.1648792 0.7996732 0.5773541
vn 0.5309637 0.7867954 0.3146913
vn 0.6993012 0.7141462 -0.03119485
vn 0.678275 0.6611753 -0.3206093
vn 0.5297768 0.6639683 -0.5277147
vn 0.2631275 0.7223498 -0.6395114
vn -0.1175325 0.7989925 -0.5897433
vn -0.8449343 0.02088153 -0.5344624
vn -0.9988464 0.0298738 0.037597
vn -0.9014074 0.03004348 0.4319285
vn -0.6979904 0.02621752 0.7156271
vn -0.3558378 0.01777983 0.9343786
vn 0.23519 0.0005665082 0.9719493
vn 0.8449345 -0.02088259 0.5344622
vn 0.9988464 -0.02987414 -0.0375971
vn 0.9014074 -0.03004424 -0.4319285
vn 0.6979903 -0.02621827 -0.7156271
vn 0.3558378 -0.01778072 -0.9343786
vn -0.2351902 -0.0005675043 -0.9719492
vn -0.5309638 -0.7867952 -0.3146915
vn -0.6993011 -0.7141463 0.03119479
vn -0.678275 -0.6611752 0.3206095
vn -0.5297769 -0.6639682 0.5277146
vn -0.2631273 -0.7223499 0.6395113
vn 0.1175323 -0.7989926 0.5897432
vn 0.4836168 -0.8118703 0.3270802
vn 0.6557999 -0.7546748 -0.01981197
vn 0.6378125 -0.7050402 -0.3100218
vn 0.4893143 -0.7022473 -0.517127
vn 0.2196259 -0.7464711 -0.6281285
vn -0.1648792 -0.7996731 -0.5773541
vn -0.2897793 -0.9439402 -0.1581294
vn -0.3988062 -0.9167909 0.02116771
vn -0.4058112 -0.8942837 0.1886109
vn -0.3202947 -0.8958921 0.3078778
vn -0.1597653 -0.9212869 0.3545499
vn 0.0446782 -0.9502308 0.3083268
vn 0.233484 -0.9568723 0.17286
vn 0.3438441 -0.9390022 -0.006786051
vn 0.3520918 -0.9195445 -0.1745544
vn 0.2665754 -0.9179361 -0.2938214
vn 0.1048032 -0.9345062 -0.3401683
vn -0.1009737 -0.9505817 -0.2935962
vn -0.1609125 -0.9840662 -0.07563731
vn -0.219292 -0.9755476 0.01476458
vn -0.2263049 -0.9686848 0.1021564
vn -0.1817537 -0.9695227 0.1642904
vn -0.09683054 -0.9778509 0.1855575
vn 0.007410126 -0.987232 0.1591164
vn 0.1024305 -0.9905745 0.09094
vn 0.1611704 -0.9869265 0.0004437651
vn 0.168537 -0.9818448 -0.08704054
vn 0.1239858 -0.9810069 -0.1491745
vn 0.03870887 -0.9846232 -0.1703491
vn -0.06589212 -0.9874087 -0.1438137
vn -0.07023194 -0.9973686 -0.01798478
vn -0.08862846 -0.996015 0.009956161
vn -0.09118278 -0.9951366 0.03726851
vn -0.07727059 -0.9953982 0.05667133
vn -0.05059713 -0.9967303 0.06299701
vn -0.01824953 -0.9983463 0.05451347
vn 0.01109521 -0.9993786 0.03345883
vn 0.02952679 -0.9995489 0.005508708
vn 0.03211592 -0.9992461 -0.02181267
vn 0.0182039 -0.9989845 -0.04121559
vn -0.008504464 -0.9988335 -0.04753221
vn -0.04088729 -0.9984008 -0.03903934
vt 0.01105655 -0.1078764
vt 0.001854488 -0.1011511
vt 0.0007895136 -0.1053915
vt -0.2007901 -0.03372883
vt -0.1950152 -0.02740073
vt -0.1985473 -0.02255393
vt 0.00775561 -0.176929
vt 0.008017957 -0.1682931
vt 0.003773865 -0.1693435
vt -0.1042609 -0.1433494
vt -0.09657773 -0.1389187
vt -0.09979214 -0.135955
vt -0.1360035 -0.09791473
vt -0.1268896 -0.09905487
vt -0.1277139 -0.09476113
vt -0.1303131 -0.07000855
vt -0.1223148 -0.07513206
vt -0.1211726 -0.07091173
vt -0.1974065 -0.03877679
vt -0.197236 -0.04849996
vt -0.1923627 -0.04682552
vt 0.04366059 0.005720477
vt 0.04785349 -0.003164012
vt 0.0521473 0.0009723351
vt -0.166501 -0.01397
vt -0.1773796 -0.02197712
vt -0.1664709 -0.02379414
vt -0.008845683 -0.1466502
vt -0.01704025 -0.1579439
vt -0.01296045 -0.1595159
vt 0.2086298 0.007634903
vt 0.2084273 -0.001611909
vt 0.2173155 -0.003285656
vt 0.03256458 -0.02268199
vt 0.0221745 -0.02077589
vt 0.02520113 -0.02827879
vt 0.1214905 -0.08014034
vt 0.120649 -0.07584994
vt 0.1120769 -0.07557213
vt 0.1136583 -0.08363546
vt -0.1112203 -0.1514806
vt -0.1102685 -0.1429569
vt -0.1194081 -0.1420175
vt 0.01900944 -0.1785056
vt 0.02316806 -0.1771559
vt 0.02241643 -0.1686123
vt 0.01460077 -0.1711487
vt -0.1298586 -0.1243978
vt -0.1271806 -0.1278538
vt -0.1193962 -0.1242537
vt -0.1244292 -0.1177585
vt -0.1549401 -0.07487191
vt -0.1547755 -0.07924096
vt -0.1466601 -0.07263599
vt -0.03829775 -0.1016792
vt -0.03812682 -0.106048
vt -0.02696626 -0.09973408
vt -0.1430649 -0.1357802
vt -0.1469142 -0.139206
vt -0.1366124 -0.1410384
vt 0.08435185 -0.02704738
vt 0.08025944 -0.03138309
vt 0.08743988 -0.04048396
vt -0.158233 0.02576486
vt -0.1691734 0.02737977
vt -0.1738794 0.01366792
vt 0.05128235 0.02527075
vt 0.04699686 0.02613707
vt 0.04276932 0.01703829
vt 0.1452025 -0.07017141
vt 0.1399668 -0.07696452
vt 0.1482898 -0.08389204
vt 0.06896081 -0.03305355
vt 0.05724108 -0.02812174
vt 0.06227445 -0.03842492
vt 0.2038885 0.03227266
vt 0.1918143 0.03214065
vt 0.1990211 0.02373689
vt 0.1914702 -0.009265594
vt 0.1830629 -0.01096131
vt 0.1870266 -0.02129808
vt 0.1704275 0.102557
vt 0.1648943 0.1086317
vt 0.1651361 0.09580721
vt -0.07014556 -0.1283302
vt -0.06343807 -0.1330766
vt -0.05289294 -0.1239912
vt -0.1721991 0.1078956
vt -0.1822605 0.1019471
vt -0.1785493 0.09421498
vt -0.1836821 0.009016057
vt -0.1821008 -0.003712885
vt -0.1758834 0.005446988
vt -0.1366051 -0.005633842
vt -0.1380361 -0.02183531
vt -0.1274294 -0.01148017
vt -0.1217827 0.02301294
vt -0.1229014 0.01152797
vt -0.1093761 0.01975669
vt -0.08348668 0.01793757
vt -0.09972911 0.01438882
vt -0.08442377 0.006436363
vt 0.1450869 0.02785271
vt 0.1360856 0.03325891
vt 0.1269597 0.01788249
vt 0.1590799 -0.067679
vt 0.1504525 -0.0611346
vt 0.1437144 -0.06869072
vt 0.1584974 0.03150863
vt 0.1521266 0.04104293
vt 0.1458265 0.0335023
vt 0.2014796 0.04609818
vt 0.1935771 0.05385119
vt 0.1955219 0.03911978
vt 0.1457603 -0.09244374
vt 0.1461802 -0.08138102
vt 0.1340112 -0.08197885
vt 0.1537252 -0.09530185
vt 0.1507581 -0.07634971
vt 0.1416191 -0.09667435
vt -0.1167405 0.1516138
vt -0.1257523 0.1451836
vt -0.1214083 0.1377884
vt -0.1111605 0.1451006
vt -0.1912127 0.05510013
vt -0.182327 0.04812656
vt -0.1723519 0.06084643
vt -0.1941251 0.05074493
vt -0.201629 0.04260541
vt -0.1852047 0.04381592
vt -0.1951639 0.03413942
vt -0.1960747 0.01716271
vt -0.1821574 0.0268022
vt -0.1436745 0.071185
vt -0.1570421 0.06270261
vt -0.1492057 0.05595467
vt -0.02790096 0.1680821
vt -0.04418103 0.152128
vt -0.02279121 0.1590913
vt 0.1921346 0.08959997
vt 0.1832956 0.09695309
vt 0.1858877 0.08313288
vt 0.1422163 0.05680151
vt 0.1366363 0.05028821
vt 0.1417315 0.03835878
vt 0.201625 0.0419844
vt 0.1954984 0.03515377
vt 0.2052793 0.02734124
vt 0.1857191 0.01073314
vt 0.1692429 0.01711841
vt 0.1794289 0.005878929
vt 0.1689758 0.0762509
vt 0.1638716 0.06935848
vt 0.1712455 0.06221692
vt 0.06805018 0.153601
vt 0.04638804 0.158832
vt 0.06680748 0.1451149
vt -0.07845171 0.1518838
vt -0.0841613 0.1341261
vt -0.07258804 0.1390805
vt -0.1748706 0.06072993
vt -0.184726 0.047917
vt -0.1785689 0.04194627
vt -0.17177 0.06893543
vt -0.1725898 0.05286012
vt -0.1660463 0.06254803
vt -0.1902938 0.03777037
vt -0.2041809 0.0280873
vt -0.1982767 0.02186638
vt -0.1846269 0.03133261
vt -0.1522631 0.101266
vt -0.1684334 0.09176178
vt -0.1635035 0.08474369
vt -0.148195 0.09371565
vt -0.02744745 0.1708733
vt -0.04394756 0.1607947
vt -0.02685883 0.1623169
vt 0.2023234 0.06523488
vt 0.192458 0.07519673
vt 0.2003887 0.06003857
vt 0.1179226 0.05734488
vt 0.111919 0.04979702
vt 0.1222166 0.04255506
vt 0.1867113 0.0106018
vt 0.1804535 0.005705917
vt 0.1902142 -0.005935062
vt 0.183362 0.03585111
vt 0.168854 0.03741597
vt 0.1770823 0.03000949
vt 0.1181493 0.04456652
vt 0.1038856 0.04062823
vt 0.1138486 0.03580149
vt 0.1041356 0.03693706
vt 0.08158585 0.02999519
vt 0.09765999 0.02645707
vt -0.04736894 0.1071606
vt -0.0593439 0.1032765
vt -0.05598601 0.09538452
vt -0.04545538 0.09880012
vt -0.1704863 0.02935223
vt -0.1647614 0.022966
vt -0.1519904 0.03205088
vt -0.171237 0.02893861
vt -0.1730947 0.01446526
vt -0.1655235 0.02254219
vt -0.1623777 -0.0424091
vt -0.160558 -0.06038973
vt -0.1567814 -0.04998312
vt -0.2019638 -0.03588839
vt -0.1891935 -0.0381889
vt -0.1862666 -0.02751213
vt -0.1634224 0.1140869
vt -0.1574666 0.1079153
vt -0.1455252 0.114027
vt 0.06549186 0.1843231
vt 0.04798596 0.1812818
vt 0.06277479 0.1761882
vt 0.1892048 0.06569064
vt 0.1808977 0.07514995
vt 0.1749796 0.06894229
vt 0.1863474 0.03257852
vt 0.1800653 0.02673953
vt 0.190022 0.01727537
vt 0.1605786 0.008249966
vt 0.1525 0.01581933
vt 0.1477588 0.008672292
vt 0.153755 0.003054102
vt 0.1148777 0.03790841
vt 0.1049151 0.04273603
vt 0.1025112 0.03450315
vt 0.1099058 0.03091996
vt 0.04586631 0.06083518
vt 0.03551988 0.05325378
vt 0.04370535 0.05253522
vt -0.005560441 -0.03421814
vt -0.009812554 -0.04924137
vt -0.002029523 -0.04660643
vt -0.1077182 0.01833986
vt -0.1016189 0.01231011
vt -0.09495038 0.01711108
vt -0.1441342 -0.007368781
vt -0.151127 -0.01595138
vt -0.1436693 -0.02018713
vt -0.138479 -0.0138169
vt -0.1726988 -0.02231748
vt -0.1778746 -0.03210378
vt -0.1697315 -0.03479633
vt -0.16589 -0.02753268
vt -0.1894402 -0.008515696
vt -0.1934039 -0.01885246
vt -0.1849966 -0.02054819
vt -0.1820546 -0.01287595
vt -0.1627302 0.1085915
vt -0.162972 0.09576703
vt -0.1574388 0.1018417
vt 0.1736853 -0.0942997
vt 0.1657327 -0.08026952
vt 0.1628434 -0.08796175
vt 0.1604778 -0.09310265
vt 0.1459737 -0.0813147
vt 0.145192 -0.08949439
vt 0.1792792 0.002830107
vt 0.1730208 -0.003034324
vt 0.1775635 -0.009881409
vt 0.1243838 -0.03649846
vt 0.1189072 -0.03037272
vt 0.1139572 -0.03737681
vt 0.1168713 -0.04063625
vt 0.08757506 -0.01638984
vt 0.08026087 -0.01264532
vt 0.07816308 -0.02096147
vt 0.08205485 -0.02295388
vt 0.03866586 -0.004850381
vt 0.03048144 -0.004120021
vt 0.03165329 -0.01261623
vt 0.03600814 -0.01300486
vt -0.01476687 -0.009352262
vt -0.02261848 -0.01177524
vt -0.01831685 -0.01919515
vt -0.01413911 -0.0179059
vt -0.06272994 -0.02894613
vt -0.06914426 -0.0340818
vt -0.06241952 -0.03940503
vt -0.05900653 -0.03667241
vt -0.09860918 -0.05575628
vt -0.1027912 -0.06282942
vt -0.09461786 -0.06542862
vt -0.09239266 -0.06166507
vt -0.1192064 -0.08410937
vt -0.1205053 -0.09222301
vt -0.111948 -0.091646
vt -0.1112569 -0.08732884
vt -0.1150957 -0.120284
vt -0.1124703 -0.1280703
vt -0.1051642 -0.1235781
vt -0.1065611 -0.1194351
vt -0.02454964 -0.1751855
vt -0.01673399 -0.177722
vt -0.01598236 -0.1691784
vt -0.02014098 -0.1678287
vt 0.1248586 -0.1284867
vt 0.1298916 -0.1219916
vt 0.1221072 -0.1183915
vt 0.1194291 -0.1218475
vt 0.1532562 -0.08110771
vt 0.1535657 -0.07289658
vt 0.1451408 -0.07450274
vt 0.1449761 -0.07887179
vt 0.1467687 -0.05750819
vt 0.1438165 -0.04983985
vt 0.1367068 -0.05463685
vt 0.1382776 -0.05871709
vt 0.06649502 -0.08621898
vt 0.06423163 -0.08247828
vt 0.05826774 -0.08864194
vt 0.05103613 -0.07579727
vt 0.04733159 -0.0734752
vt 0.04477922 -0.08166327
vt 0.0298119 -0.07120232
vt 0.02546323 -0.07074976
vt 0.02677914 -0.07922487
vt 0.006887797 -0.07349683
vt 0.002781972 -0.07499944
vt 0.007685122 -0.08203634
vt -0.01333462 -0.08245572
vt -0.01634477 -0.08562663
vt -0.008824915 -0.08975102
vt -0.02647537 -0.09654927
vt -0.02768944 -0.1007495
vt -0.0191152 -0.1009523
vt -0.02824062 -0.1133395
vt -0.02723597 -0.1175946
vt -0.01966685 -0.1135613
vt -0.01492719 -0.1289486
vt -0.01179069 -0.1319946
vt -0.00758109 -0.1245221
vt 0.01277362 -0.1368595
vt 0.01709876 -0.1374988
vt 0.01614892 -0.1289749
vt 0.04427733 -0.1318811
vt 0.04813259 -0.1298188
vt 0.04229319 -0.1235371
vt 0.06582002 -0.1174376
vt 0.06785334 -0.1135671
vt 0.05949474 -0.1116454
vt 0.07256233 -0.1008007
vt 0.07233246 -0.09643462
vt 0.06416551 -0.09905369
vt -0.03859857 0.1223493
vt -0.04272225 0.1057982
vt -0.02371438 0.1136341
vt 0.1112782 0.04652068
vt 0.1215722 0.04139915
vt 0.1293587 0.05657523
vt -0.09823342 0.1733317
vt -0.1149289 0.1613333
vt -0.1100029 0.1538111
vt 0.1378937 0.02309486
vt 0.1442374 0.008449079
vt 0.1532726 0.02387893
vt 0.1913509 0.02743556
vt 0.1990421 0.03115357
vt 0.1927697 0.04583002
vt 0.1233328 0.09373771
vt 0.110596 0.1003878
vt 0.1097569 0.09723906
vt 0.1876463 0.03884802
vt 0.1891728 0.04172703
vt 0.1850605 0.05402997
vt -0.03912975 0.1761676
vt -0.06008607 0.1679918
vt -0.0551862 0.1653963
vt -0.2027646 0.04282698
vt -0.1909354 0.03371248
vt -0.1863659 0.0443455
vt -0.1555953 0.07931982
vt -0.1626967 0.07018134
vt -0.1575247 0.06333967
vt -0.1341467 0.05390142
vt -0.1171385 0.06180908
vt -0.1282785 0.06900513
vt -0.1603452 -0.04478477
vt -0.1705527 -0.05788947
vt -0.1582446 -0.06273475
vt -0.1846318 -0.03491701
vt -0.1950708 -0.02679339
vt -0.2000305 -0.04383008
vt -0.0721214 0.005344516
vt -0.07945897 -0.003756712
vt -0.0718057 -0.00924415
vt -0.1266426 -0.09833085
vt -0.1222787 -0.1089577
vt -0.1161995 -0.09898328
vt 0.01997897 -0.05732734
vt 0.0271918 -0.05123333
vt 0.01859785 -0.04360982
vt -0.2018864 0.03594406
vt -0.2114659 0.02925975
vt -0.2061035 0.02023573
vt -0.06590386 -0.1125366
vt -0.04992177 -0.1079559
vt -0.05367962 -0.09698941
vt -0.1531294 0.02212488
vt -0.1641626 0.0122254
vt -0.1529616 0.005124574
vt -0.1430636 0.133447
vt -0.1482377 0.1453467
vt -0.1609567 0.1338327
vt 0.06260788 0.162147
vt 0.06007776 0.148294
vt 0.08203118 0.1470523
vt 0.07835783 0.1118912
vt 0.05638867 0.1128134
vt 0.0560375 0.1042439
vt -0.1785893 0.04192806
vt -0.1646187 0.05204882
vt -0.1748933 0.06071217
vt -0.1524794 0.03575262
vt -0.1569302 0.04308402
vt -0.1709777 0.0330703
vt -0.001488838 -0.03527496
vt -0.01197128 -0.03883567
vt -0.005567505 -0.05034621
vt -0.10397 -0.05806684
vt -0.1060071 -0.04505334
vt -0.1167019 -0.05650989
vt 0.0919819 -3.208899E-05
vt 0.07593445 0.003625203
vt 0.08180578 -0.007840592
vt 0.133893 -0.09662378
vt 0.1293396 -0.08390685
vt 0.121473 -0.09982856
vt -0.05990319 -0.1088788
vt -0.0687254 -0.1021908
vt -0.07729218 -0.1126342
vt 0.1611998 0.111592
vt 0.1486023 0.1241095
vt 0.1429899 0.1176242
vt -0.08841298 -0.1036586
vt -0.0886366 -0.08764087
vt -0.1005945 -0.09476502
vt -0.1757862 0.06194051
vt -0.1828894 0.06674714
vt -0.194489 0.05569872
vt -0.08908539 0.1488867
vt -0.1001127 0.1428135
vt -0.09393866 0.1308761
vt 0.1716239 0.02046615
vt 0.1608853 0.01847184
vt 0.1709653 0.005621524
vt 0.1670892 -0.006479268
vt 0.1708124 -0.01574628
vt 0.1813925 -0.01303432
vt 0.1921282 0.03572952
vt 0.1812663 0.04792611
vt 0.1754649 0.04160925
vt 0.1238203 0.02414391
vt 0.1159302 0.03071059
vt 0.1095691 0.02016074
vt 0.1816562 0.01887548
vt 0.1708525 0.02952259
vt 0.1671534 0.02048721
vt 0.1300564 -0.05790631
vt 0.1356614 -0.06774287
vt 0.1426373 -0.06040574
vt 0.1929769 0.009453952
vt 0.1982954 0.0161824
vt 0.1904355 0.02433069
vt 0.1956988 0.002922202
vt 0.2009318 0.01102334
vt 0.1915478 0.01930841
vt 0.1487525 0.1230286
vt 0.1418877 0.1179442
vt 0.1537949 0.1099026
vt 0.08553095 0.1208362
vt 0.06942856 0.1266136
vt 0.06783517 0.1192345
vt 0.1920525 0.01802234
vt 0.1992327 0.02271312
vt 0.1883577 0.03332063
vt 0.1683264 -0.08011782
vt 0.1661336 -0.06665086
vt 0.1532109 -0.06912482
vt 0.1430801 -0.03373132
vt 0.1561258 -0.03202084
vt 0.1471955 -0.02158267
vt 0.09984402 -0.1663112
vt 0.1131716 -0.1581241
vt 0.09961967 -0.1501855
vt 0.1670002 0.05080053
vt 0.1772842 0.04183351
vt 0.1813569 0.04818985
vt -0.1670167 -0.09493928
vt -0.1656625 -0.1082853
vt -0.1555955 -0.1007772
vt 0.2195828 0.02647125
vt 0.2199033 0.03649906
vt 0.2109202 0.0375504
vt 0.08283418 0.001769274
vt 0.07919759 0.008996247
vt 0.07100952 0.006443904
vt -0.1247582 0.1671002
vt -0.1333193 0.1665836
vt -0.1357369 0.1610952
vt 0.2038644 0.03560583
vt 0.1985763 0.04189505
vt 0.1917901 0.03547823
vt 0.09747238 0.1635497
vt 0.09748978 0.1728893
vt 0.08830917 0.1725254
vt -0.08976381 0.09114824
vt -0.09470791 0.1004081
vt -0.1021267 0.09456658
vt -0.0449239 -0.09692109
vt -0.03676049 -0.0985469
vt -0.03362414 -0.09085977
vt -0.1387538 -0.008223442
vt -0.1441749 -0.01451156
vt -0.1351046 -0.02052017
vt 0.001776857 -0.1714017
vt 0.01262856 -0.1676034
vt 0.002979247 -0.1610075
vt 0.09795188 -0.03211512
vt 0.1067357 -0.03786796
vt 0.1059611 -0.02339171
vt 0.1736262 0.05887651
vt 0.1786443 0.06583192
vt 0.171643 0.07295384
vt 0.1108209 -0.01036525
vt 0.1085934 -0.006273535
vt 0.09278427 -0.01487991
vt 0.09501176 -0.01897163
vt 0.09239504 0.03340562
vt 0.08941378 0.03698555
vt 0.07558196 0.02546685
vt 0.07856323 0.02188691
vt 0.01838962 0.09059618
vt 0.01386257 0.09169605
vt 0.009613005 0.07420488
vt 0.01414005 0.07310501
vt -0.08750855 0.04889793
vt -0.09118198 0.04603264
vt -0.08011137 0.03183962
vt -0.07643795 0.03470491
vt -0.1118816 -0.004511547
vt -0.1143574 -0.008457945
vt -0.09910969 -0.01802388
vt -0.09663385 -0.01407748
vt -0.1140348 -0.0209049
vt -0.1161344 -0.02506373
vt -0.1000659 -0.03317576
vt -0.09796639 -0.02901694
vt -0.1085934 -0.00627353
vt -0.1108209 -0.01036525
vt -0.09501176 -0.01897163
vt -0.09278427 -0.01487991
vt -0.08941376 0.03698557
vt -0.09239502 0.03340563
vt -0.07856321 0.02188692
vt -0.07558195 0.02546686
vt -0.01386257 0.09169605
vt -0.01838962 0.09059618
vt -0.01414005 0.073105
vt -0.009613005 0.07420488
vt 0.09118197 0.04603265
vt 0.08750854 0.04889794
vt 0.07643795 0.03470491
vt 0.08011137 0.03183963
vt 0.1143574 -0.008457945
vt 0.1118816 -0.004511543
vt 0.09663384 -0.01407748
vt 0.09910969 -0.01802388
vt 0.1161344 -0.02506373
vt 0.1140348 -0.02090492
vt 0.09796639 -0.02901695
vt 0.1000659 -0.03317576
vt 0.1113561 -0.003890208
vt 0.1138664 -0.007814777
vt 0.1274567 0.003130449
vt -0.005704413 -0.06987883
vt -0.00752528 -0.06559066
vt -0.01124628 -0.06278744
vt -0.01587037 -0.06222028
vt -0.02015853 -0.06404115
vt -0.02296175 -0.06776215
vt -0.02352891 -0.07238624
vt -0.02170805 -0.0766744
vt -0.01798705 -0.07947762
vt -0.01336296 -0.08004479
vt -0.009074799 -0.07822392
vt -0.006271573 -0.07450292
vt 0.08968213 0.0481664
vt 0.09328835 0.04521697
vt 0.1020985 0.05967557
vt -0.02170672 0.09389724
vt -0.01720902 0.09511159
vt -0.02442945 0.1101932
vt -0.09664907 0.03171474
vt -0.09382144 0.03541723
vt -0.1092137 0.04233166
vt -0.1119287 -0.01076761
vt -0.10974 -0.006655025
vt -0.1266618 -0.00283395
vt -0.1159279 -0.02530127
vt -0.1138338 -0.02113974
vt -0.1315512 -0.01787592
vt -0.1150272 -0.01176228
vt -0.1126875 -0.007733645
vt -0.1308095 -0.003123569
vt -0.09874153 0.03963947
vt -0.09538723 0.04287251
vt -0.1117127 0.05300969
vt 0.02306462 0.09721655
vt 0.02749431 0.09577372
vt 0.02962576 0.1150862
vt 0.09827368 0.03040687
vt 0.1008416 0.02651973
vt 0.1150475 0.03955508
vt 0.1108448 -0.008959455
vt 0.1129215 -0.0131297
vt 0.128619 -0.002771261
vt 0.1129489 -0.0204292
vt 0.11509 -0.02456678
vt 0.1291623 -0.01089851
vt 0.1312857 -0.01401083
vt 0.1325799 -0.01799896
vt 0.1448271 -0.0132319
vt 0.1441551 -0.0102501
vt 0.1316427 -0.01586857
vt 0.1302724 -0.01190594
vt 0.1151566 -0.02192887
vt 0.1144706 -0.01926971
vt 0.1294726 -0.00907735
vt 0.1280664 -0.005127343
vt 0.1250283 0.01130211
vt 0.1230482 0.01499796
vt 0.1101212 0.003276741
vt 0.08510853 0.07782199
vt 0.08162178 0.08015066
vt 0.07555108 0.06434507
vt -0.05031031 0.09895413
vt -0.05406136 0.09708072
vt -0.04388986 0.08380929
vt -0.111876 0.03338918
vt -0.1140155 0.02978322
vt -0.09832779 0.02356813
vt -0.1263366 -0.005124448
vt -0.1277625 -0.009067424
vt -0.1108099 -0.01274953
vt -0.1306292 -0.01491025
vt -0.1319009 -0.0189056
vt -0.1141956 -0.02223467
vt -0.1286263 0.005813548
vt -0.1302641 0.001953765
vt -0.1122521 -0.003068941
vt -0.0976579 0.07366719
vt -0.1007757 0.07086371
vt -0.08590446 0.05869284
vt 0.0709665 0.09670126
vt 0.06748598 0.09903923
vt 0.05981186 0.08118919
vt 0.1229953 0.02151719
vt 0.1212206 0.02531597
vt 0.10594 0.01355877
vt 0.1278962 0.007911516
vt 0.1296055 0.004082871
vt 0.140553 0.01110786
vt 0.1395462 0.01399392
vt 0.08685189 0.07905259
vt 0.09023292 0.07657292
vt 0.09552803 0.0884889
vt 0.09316374 0.09042615
vt -0.04861182 0.09546326
vt -0.04479196 0.09719206
vt -0.05284284 0.1076817
vt -0.05563905 0.1064472
vt -0.1006667 0.03500793
vt -0.09816355 0.03837148
vt -0.1103436 0.04420115
vt -0.1120798 0.04168563
vt -0.115387 -0.007203644
vt -0.1137714 -0.003334886
vt -0.1270561 0.0004225265
vt -0.1280343 -0.002472844
vt -0.122716 -0.03037122
vt -0.1217429 -0.02629283
vt -0.1355094 -0.02345412
vt -0.1273645 -0.03117627
vt -0.12677 -0.02702603
vt -0.1406935 -0.02428011
vt -0.1408841 -0.02733039
vt -0.1292706 0.01126058
vt -0.1280256 0.01526427
vt -0.1410126 0.02094758
vt -0.1417677 0.01798582
vt 0.09842127 0.07866357
vt 0.1010581 0.07540367
vt 0.1130043 0.0827185
vt 0.1110626 0.08507911
vt 0.1240057 0.02023212
vt 0.1255965 0.01635274
vt 0.1387708 0.02020703
vt 0.1377214 0.02307785
vt 0.1292352 -0.006730489
vt 0.1305771 -0.01070281
vt 0.1434272 -0.006876785
vt 0.14267 -0.003915482
vt 0.1436745 -0.01446062
vt 0.1442601 -0.0174606
vt 0.1695411 -0.01687475
vt -0.1346307 -0.02271414
vt -0.1350675 -0.02573937
vt -0.1218027 -0.02956683
vt 0.1446971 -0.01598919
vt 0.1450541 -0.01902487
vt 0.1698054 -0.01720253
vt 0.1444502 0.01064171
vt 0.1449818 0.00763169
vt 0.1684891 0.01405039
vt -0.1223838 0.07206424
vt -0.1206902 0.07460872
vt -0.1429658 0.08371224
vt -0.1369311 0.02303842
vt -0.135814 0.02588355
vt -0.1596049 0.0289788
vt -0.1379558 -0.00325962
vt -0.1370916 -0.0003277256
vt -0.1611908 0.001463807
vt -0.1378825 -0.02323368
vt -0.1373984 -0.02021565
vt -0.1619075 -0.01913728
vt -0.1376709 -0.03579365
vt -0.13767 -0.03273705
vt -0.1626587 -0.03234325
vt -0.1364837 -0.04387053
vt -0.1370526 -0.04086734
vt -0.1624529 -0.04196383
vt 0.1423547 0.01224429
vt 0.1427181 0.009209363
vt 0.1682498 0.006104057
vt 0.141821 0.009601103
vt 0.1425722 0.006638245
vt 0.1683613 0.005796936
vt 0.1422481 -0.003021144
vt 0.1430249 -0.005977383
vt 0.1680441 -0.003613401
vt 0.1697679 -0.01134439
vt 0.1700612 -0.0138028
vt 0.1993952 -0.008117419
vt 0.1692068 -0.02015985
vt 0.1690055 -0.0176922
vt 0.1433588 -0.01755401
vt 0.1434002 -0.01088228
vt 0.1690469 -0.01100679
vt 0.1684279 -0.008609577
vt 0.1696543 -0.0181888
vt 0.1698308 -0.01571925
vt 0.1445616 -0.01668727
vt 0.1599766 0.05412537
vt 0.1595107 0.05655698
vt 0.1372471 0.04558983
vt -0.1607349 0.04046627
vt -0.1619771 0.03832459
vt -0.1380124 0.03391035
vt -0.1630327 0.01111914
vt -0.1640325 0.008854155
vt -0.140115 0.006202912
vt -0.1631317 -0.009408393
vt -0.1637592 -0.0118034
vt -0.1398669 -0.01398293
vt -0.1633471 -0.02362306
vt -0.1634651 -0.0260961
vt -0.1393767 -0.02802793
vt -0.1640998 -0.03072454
vt -0.1636963 -0.03316728
vt -0.1392261 -0.03491924
vt -0.1660397 -0.02474076
vt -0.1653067 -0.0271056
vt -0.1404199 -0.02939483
vt 0.1660009 0.0227572
vt 0.1649744 0.02501023
vt 0.1395629 0.0258053
vt 0.167501 0.004971697
vt 0.1665735 0.007267223
vt 0.1408651 0.008035677
vt 0.1679513 0.01339701
vt 0.1682004 0.01093373
vt 0.1961529 0.02087844
vt 0.06789681 0.148894
vt 0.06996167 0.147528
vt 0.07674962 0.1761411
vt -0.1425063 0.06988235
vt -0.1407936 0.07167024
vt -0.1677101 0.08294277
vt -0.1568374 0.01694528
vt -0.1556829 0.01913548
vt -0.1841135 0.02513553
vt -0.1602535 -0.01249764
vt -0.1596226 -0.01010353
vt -0.188351 -0.005764962
vt -0.1625067 -0.02785731
vt -0.1624151 -0.02538316
vt -0.1913292 -0.02161935
vt -0.1654559 -0.02552586
vt -0.1657448 -0.02306693
vt -0.1947351 -0.01857427
vt -0.1498313 0.07323691
vt -0.1490619 0.07559018
vt -0.1718082 0.09445895
vt 0.15816 0.04698685
vt 0.159494 0.04490116
vt 0.1887139 0.05058764
vt 0.1654742 0.0103706
vt 0.1664497 0.008095041
vt 0.1961303 0.01191635
vt 0.1680306 -0.008531172
vt 0.1686523 -0.0109277
vt 0.1977805 -0.005292906
vt -0.1150214 -0.07921413
vt -0.1142075 -0.0806199
vt -0.1127997 -0.08143035
vt -0.1111753 -0.08142833
vt -0.1097695 -0.08061437
vt -0.1089591 -0.0792066
vt -0.1089611 -0.0775822
vt -0.109775 -0.07617643
vt -0.1111828 -0.07536598
vt -0.1128072 -0.075368
vt -0.114213 -0.07618196
vt -0.1150234 -0.07758974
vt 0.1992905 -0.002846316
vt 0.1992114 -0.001223828
vt 0.1697254 -0.006600977
vt 0.1695795 -0.01367792
vt 0.1992331 -0.009319097
vt 0.1986595 -0.007799347
vt 0.1919678 0.04216675
vt 0.1920955 0.04378612
vt 0.1644975 0.03233375
vt -0.1119421 0.1552041
vt -0.1135665 0.1551972
vt -0.09435444 0.1325889
vt -0.1862417 0.03190197
vt -0.1875802 0.0309816
vt -0.1592179 0.02321185
vt -0.1908729 -0.004191137
vt -0.1918919 -0.005456125
vt -0.1633255 -0.01141664
vt -0.192075 -0.01749228
vt -0.1925896 -0.019033
vt -0.1640751 -0.02462029
vt -0.1933869 -0.02081399
vt -0.193304 -0.02243627
vt -0.1647924 -0.02802501
vt -0.1956435 -0.007747464
vt -0.1950951 -0.009276504
vt -0.1668179 -0.0163896
vt 0.1142115 0.1580962
vt 0.1125872 0.1581096
vt 0.09084653 0.1384127
vt 0.1918367 0.02807688
vt 0.1905344 0.02904784
vt 0.1611477 0.02591018
vt 0.1967781 -0.002673813
vt 0.1957666 -0.001402817
vt 0.1661114 -0.00399256
vt 0.07477576 -0.01005475
vt 0.061443 -0.01081172
vt 0.06363323 -0.01544252
vt 0.08915188 -0.1676033
vt 0.08012978 -0.1632039
vt 0.07584927 -0.1687763
vt 0.1380504 -0.07225257
vt 0.1311947 -0.06480457
vt 0.1285006 -0.06916158
vt 0.0966934 -0.1106806
vt 0.09515534 -0.1004034
vt 0.09054582 -0.1026381
vt 0.03608726 -0.1234724
vt 0.04105213 -0.1139245
vt 0.03599938 -0.1130811
vt -0.0151339 -0.1014125
vt -0.005445025 -0.09593694
vt -0.009189759 -0.09244143
vt 0.07048594 -0.1708474
vt 0.08165888 -0.168614
vt 0.07870777 -0.1633469
vt 0.02042977 0.1096969
vt 0.03064553 0.104393
vt 0.03171084 0.1112968
vt -0.09616207 -0.1059419
vt -0.0942212 -0.1216488
vt -0.08610792 -0.1115461
vt 0.09871158 -0.05446805
vt 0.1012056 -0.07062538
vt 0.1058975 -0.06856904
vt 0.2256513 1.772045E-05
vt 0.2215969 -0.01003192
vt 0.2306436 -0.01555007
vt 0.03031993 0.07923332
vt 0.01928778 0.07362301
vt 0.02744007 0.06878631
vt 0.1484503 0.02399176
vt 0.1462798 0.02863186
vt 0.1364548 0.02652279
vt 0.1405339 0.01780221
vt 0.1325764 -0.1057945
vt 0.1230537 -0.1025854
vt 0.1197057 -0.1128165
vt 0.1446732 -0.07245992
vt 0.1472118 -0.06801049
vt 0.1398218 -0.06120108
vt 0.1350509 -0.06956327
vt 0.1019257 -0.1159245
vt 0.1064667 -0.1135537
vt 0.1039309 -0.10383
vt 0.09539659 -0.1082857
vt 0.03045538 -0.1354694
vt 0.03549591 -0.1363829
vt 0.02998548 -0.1254315
vt 0.04474709 -0.03428506
vt 0.04875069 -0.0374808
vt 0.05170476 -0.02275021
vt 0.1491845 -0.1085121
vt 0.153286 -0.1129426
vt 0.155196 -0.1008327
vt 0.08620977 0.09684597
vt 0.08451919 0.09006814
vt 0.09707792 0.08489534
vt -0.1486282 -0.04953041
vt -0.1578916 -0.05859023
vt -0.1484384 -0.07270195
vt 0.01246404 0.128738
vt 0.007897896 0.126416
vt 0.01063465 0.1149838
vt 0.1689779 0.02479457
vt 0.1640902 0.01601445
vt 0.1749367 0.009431954
vt 0.07401123 0.08204155
vt 0.05920373 0.08040425
vt 0.07023186 0.07273047
vt 0.2298892 0.0139882
vt 0.2170137 0.01985148
vt 0.2204812 0.007352508
vt 0.2013435 -0.008296734
vt 0.1913855 -0.006948366
vt 0.1918077 -0.01991251
vt 0.1937031 -0.05896387
vt 0.1968011 -0.04984849
vt 0.1837834 -0.05735819
vt 0.0731224 -0.07772683
vt 0.08188862 -0.07374675
vt 0.07893048 -0.05770879
vt 0.1794671 -0.1170497
vt 0.1918244 -0.1111472
vt 0.1882924 -0.1017396
vt -0.1215309 -0.1228952
vt -0.1074264 -0.1280838
vt -0.1136264 -0.1166904
vt -0.0987577 -0.0584658
vt -0.08399518 -0.07051633
vt -0.08705144 -0.05341952
vt -0.1216852 -0.01608688
vt -0.1118202 -0.02533207
vt -0.1097967 -0.006893455
vt -0.09174472 0.01583831
vt -0.1003273 -0.001648469
vt -0.08187686 0.006596114
vt 0.1378962 0.1422345
vt 0.1259198 0.1450477
vt 0.121236 0.1246281
vt 0.182162 0.01960605
vt 0.1713687 0.02627545
vt 0.1643538 0.01671013
vt 0.171619 0.1132545
vt 0.1633632 0.123854
vt 0.1566426 0.1145064
vt 0.2254818 -0.01336018
vt 0.223256 -0.0005815626
vt 0.2150435 -0.01593271
vt 0.1637256 -0.02786519
vt 0.1638617 -0.01489489
vt 0.1496285 -0.0159863
vt 0.1671248 -0.05123118
vt 0.1642933 -0.02893439
vt 0.1529 -0.05242753
vt 0.2213292 -0.01443559
vt 0.2233446 -0.001622098
vt 0.2135949 0.0008118083
vt 0.2113032 -0.01375917
vt -0.2294225 0.03749433
vt -0.2167659 0.03362692
vt -0.2112379 0.05174171
vt -0.2303853 0.02870902
vt -0.2346257 0.01645073
vt -0.217558 0.02545204
vt -0.1953035 -0.06634794
vt -0.1817671 -0.08096128
vt -0.1785232 -0.06139269
vt -0.1807169 0.004493397
vt -0.183107 -0.0139013
vt -0.1711556 -0.01190824
vt -0.2046216 0.07698152
vt -0.1923268 0.05327291
vt -0.1927969 0.07962478
vt -0.1083069 -0.2076377
vt -0.0948775 -0.2086988
vt -0.1067009 -0.1972259
vt 0.1377333 0.1478243
vt 0.1328147 0.1390614
vt 0.1414034 0.1265222
vt 0.2258565 -0.01107261
vt 0.2154545 -0.01378839
vt 0.2199639 -0.02774482
vt 0.2054168 0.01857901
vt 0.1896966 0.03205144
vt 0.1965755 0.01566454
vt 0.2098814 0.01182114
vt 0.2000014 0.009987065
vt 0.2006214 -0.002024311
vt 0.2031241 0.04710355
vt 0.1996361 0.07297959
vt 0.1933297 0.0448564
vt 0.190821 0.1014187
vt 0.1704217 0.109261
vt 0.1754593 0.09539785
vt -0.2140476 0.02464828
vt -0.2172733 0.005985492
vt -0.2076312 0.003155121
vt -0.2082623 0.0692118
vt -0.2049564 0.05064461
vt -0.200043 0.06343048
vt -0.2159613 0.003292848
vt -0.2244809 -0.01461996
vt -0.2148619 -0.01752779
vt -0.206458 2.666559E-05
vt -0.2111915 0.0248994
vt -0.215655 0.003381257
vt -0.2056828 0.002143087
vt -0.2014348 0.02249415
vt -0.2071239 0.06434541
vt -0.2000796 0.04281484
vt -0.197209 0.06271019
vt -0.168278 -0.1345277
vt -0.15279 -0.1400013
vt -0.1688886 -0.1280598
vt 0.08890311 0.1608715
vt 0.08563425 0.1500548
vt 0.09998077 0.146628
vt 0.2059628 0.01637245
vt 0.1971112 0.01348935
vt 0.2031936 -0.003238433
vt 0.1860845 -0.04837475
vt 0.1757514 -0.0347538
vt 0.1760569 -0.04772121
vt 0.1390124 0.002463888
vt 0.1251366 0.01285863
vt 0.1278065 0.0001653734
vt 0.1229707 0.01035921
vt 0.1003468 0.02624488
vt 0.1086186 0.008824836
vt 0.08878995 0.1594744
vt 0.07724378 0.1686532
vt 0.07171133 0.1602644
vt 0.08186486 0.1521927
vt -0.1956437 0.07057239
vt -0.1878474 0.06423225
vt -0.174735 0.07708777
vt -0.1966617 0.06820296
vt -0.1959546 0.0511207
vt -0.1888021 0.06194146
vt -0.181949 0.03957682
vt -0.1807249 0.01843753
vt -0.1757798 0.03042892
vt -0.2113874 -0.02299085
vt -0.1962192 -0.02195842
vt -0.1959421 -0.008990375
vt -0.2186577 -0.01326993
vt -0.2087386 -0.01165995
vt -0.2066443 0.003917088
vt -0.2194124 -0.02368258
vt -0.2050813 -0.03878265
vt -0.2097141 -0.02105157
vt 0.05695473 -0.2082087
vt 0.06941997 -0.200323
vt 0.06331699 -0.1923397
vt 0.1854284 -0.05628517
vt 0.175403 -0.05559953
vt 0.1753002 -0.07169424
vt 0.1311803 -0.06857984
vt 0.1327822 -0.05570812
vt 0.1227428 -0.05614342
vt 0.1215538 -0.06569716
vt 0.1303217 0.0006739256
vt 0.1276538 0.0133676
vt 0.1183007 0.009693482
vt 0.1202809 0.0002718906
vt 0.1034896 0.07250135
vt 0.08903807 0.07662576
vt 0.09425648 0.06853529
vt -0.0148658 0.05341268
vt -0.0301034 0.04329004
vt -0.02117048 0.03969971
vt -0.08995359 0.136735
vt -0.08648172 0.1273049
vt -0.07701968 0.1290818
vt -0.1576262 0.08349536
vt -0.1667991 0.07432442
vt -0.158611 0.0684991
vt -0.1518026 0.07530601
vt -0.1895369 0.03106686
vt -0.1941829 0.01895646
vt -0.1843327 0.01696812
vt -0.1808843 0.0259568
vt -0.1993837 -0.006687905
vt -0.1998059 -0.01965204
vt -0.189848 -0.01830368
vt -0.1895346 -0.008681349
vt -0.1955341 -0.04765215
vt -0.1825164 -0.05516185
vt -0.1856144 -0.04604648
vt -0.1295471 -0.1288553
vt -0.111762 -0.1224727
vt -0.1200667 -0.1176023
vt -0.03910789 -0.1475593
vt -0.0303066 -0.1275073
vt -0.03978937 -0.12917
vt 0.1060737 -0.1261318
vt 0.096744 -0.1223987
vt 0.09173022 -0.1306175
vt 0.0604884 -0.06763164
vt 0.06291734 -0.05831563
vt 0.05287268 -0.05802441
vt 0.05158026 -0.06298135
vt 0.06427441 -0.01203125
vt 0.06237529 -0.002592979
vt 0.05321883 -0.006732924
vt 0.05422933 -0.01175493
vt 0.04250456 0.04103208
vt 0.0366211 0.04865261
vt 0.03024584 0.04088499
vt 0.03337636 0.0368302
vt -0.004025804 0.07823007
vt -0.0128785 0.08201391
vt -0.01465634 0.07212354
vt -0.009945923 0.07011022
vt -0.06503114 0.08368535
vt -0.07455169 0.08225465
vt -0.07086895 0.07290492
vt -0.06580319 0.07366618
vt -0.1171423 0.05804037
vt -0.1246037 0.05195634
vt -0.1166693 0.04578989
vt -0.1126992 0.04902714
vt -0.1473558 0.01946661
vt -0.1511731 0.01062827
vt -0.1412895 0.008813048
vt -0.1392584 0.01351582
vt -0.157214 -0.02128918
vt -0.1568206 -0.03090857
vt -0.1471276 -0.02825782
vt -0.1473369 -0.02313945
vt -0.1468546 -0.06521358
vt -0.1420837 -0.07357575
vt -0.1346938 -0.06676634
vt -0.1372323 -0.06231692
vt -0.1076783 -0.1110076
vt -0.09914404 -0.1154633
vt -0.09660824 -0.1057397
vt -0.1011492 -0.1033688
vt -0.03801473 -0.1351155
vt -0.0285416 -0.1333987
vt -0.03250429 -0.1241641
vt -0.03754484 -0.1250776
vt 0.0271787 -0.115065
vt 0.03387728 -0.1081501
vt 0.02527609 -0.102954
vt 0.02171186 -0.1066333
vt -0.01394312 -0.04593933
vt -0.01217843 -0.04113023
vt -0.02218297 -0.04018743
vt -0.01055319 -0.02428852
vt -0.011396 -0.01923567
vt -0.02055914 -0.02336079
vt -0.01842579 -0.003587381
vt -0.02163712 0.0004037196
vt -0.02760203 -0.007683285
vt -0.03530912 0.01053153
vt -0.04006865 0.01242586
vt -0.04128217 0.002450534
vt -0.05664683 0.01433604
vt -0.06172042 0.01362883
vt -0.05784214 0.004358517
vt -0.07667017 0.007328033
vt -0.08073395 0.004209174
vt -0.07278602 -0.001939826
vt -0.09036765 -0.007970437
vt -0.09237874 -0.01268181
vt -0.08243637 -0.0141409
vt -0.09465389 -0.02767995
vt -0.09409032 -0.03277151
vt -0.08471413 -0.02915672
vt -0.08827908 -0.04758774
vt -0.08524771 -0.05171719
vt -0.0789304 -0.04390238
vt -0.07202005 -0.06290311
vt -0.06730215 -0.06489883
vt -0.06587549 -0.05495176
vt -0.04975126 -0.06869932
vt -0.04468349 -0.06795145
vt -0.04863599 -0.05871253
vt -0.02820772 -0.06243511
vt -0.02425538 -0.0591762
vt -0.03241326 -0.05330861
vt -0.1585247 0.0927054
vt -0.144178 0.07879229
vt -0.1409391 0.1026624
vt 0.07429977 0.1590837
vt 0.08776708 0.159411
vt 0.08752907 0.1793946
vt -0.2331025 0.02539833
vt -0.2270896 0.002072021
vt -0.2167837 0.004256963
vt 0.1417606 0.1180713
vt 0.152123 0.1025046
vt 0.1593296 0.1221759
vt 0.2165712 -0.0002852788
vt 0.2265713 0.0001396717
vt 0.2266449 0.01883985
vt -0.0196264 0.2029725
vt -0.03471215 0.1955007
vt -0.03230959 0.1925333
vt 0.2143217 -0.01663027
vt 0.2175122 -0.01453323
vt 0.2202218 0.0004220013
vt -0.2150428 0.05127821
vt -0.2110771 0.02522221
vt -0.2068519 0.0301572
vt -0.09984843 -0.1940748
vt -0.08716983 -0.1820171
vt -0.09865939 -0.1748156
vt -0.1336269 0.1734918
vt -0.1447095 0.1656785
vt -0.1412524 0.1562431
vt -0.1572807 -0.003875806
vt -0.1521234 0.01748675
vt -0.1668478 0.01252248
vt -0.1802456 0.04005201
vt -0.1931157 0.02545248
vt -0.1790662 0.01891017
vt -0.1942549 -0.01179722
vt -0.2082474 -0.005133896
vt -0.2096272 -0.02587781
vt -0.04989091 0.1242207
vt -0.06302409 0.1203297
vt -0.05929763 0.1099442
vt 0.0287361 -0.1138979
vt 0.0421904 -0.1142871
vt 0.03440781 -0.1030291
vt 0.04499278 0.04278244
vt 0.04685363 0.05368824
vt 0.03339802 0.05402946
vt -0.1954476 -0.08409505
vt -0.1968966 -0.09770425
vt -0.1847945 -0.09989564
vt 0.03516298 -0.0656731
vt 0.04308881 -0.047879
vt 0.03041605 -0.0429922
vt -0.141345 -0.04849518
vt -0.1399837 -0.06580958
vt -0.125403 -0.06043823
vt -0.1936237 -0.05207482
vt -0.2087752 -0.05332808
vt -0.2007979 -0.07177878
vt 0.2080217 0.05591538
vt 0.1917888 0.05296156
vt 0.1995043 0.02838107
vt 0.1701043 0.05808778
vt 0.1574862 0.08054917
vt 0.14873 0.0756188
vt -0.2076114 0.002937433
vt -0.1986673 0.02106341
vt -0.2140511 0.02442364
vt -0.1765646 0.07545494
vt -0.1832015 0.08300028
vt -0.1973544 0.0685697
vt -0.0124226 0.04987172
vt -0.02439862 0.05485391
vt -0.02767602 0.03977291
vt -0.1228705 0.04839719
vt -0.1209808 0.06371408
vt -0.1367144 0.05424557
vt 0.08102489 -0.005015186
vt 0.07291632 0.01248144
vt 0.06649468 -0.001177136
vt 0.163378 -0.006936449
vt 0.1554866 0.006781869
vt 0.1497221 -0.01321117
vt 0.05784167 -0.05479825
vt 0.04581535 -0.05965776
vt 0.0511776 -0.07454782
vt 0.220635 0.008283392
vt 0.2225718 0.02900052
vt 0.2125259 0.02924544
vt 0.04684595 -0.07702529
vt 0.0299061 -0.06894331
vt 0.03117985 -0.08520196
vt -0.1996701 -0.05576837
vt -0.2094746 -0.05797099
vt -0.2093589 -0.07673968
vt 0.1954537 0.09229751
vt 0.1903674 0.1061429
vt 0.1754501 0.1011005
vt 0.1954158 0.06128709
vt 0.1826189 0.06135524
vt 0.1913911 0.04434878
vt 0.1808708 0.02422469
vt 0.1823483 0.01261704
vt 0.1951452 0.01255939
vt 0.2156457 -0.008077033
vt 0.2120617 0.01071993
vt 0.2024288 0.007858572
vt 0.1241874 -0.01787599
vt 0.1247194 -0.005860389
vt 0.1103685 -0.007405692
vt 0.1548188 -0.08545797
vt 0.1574449 -0.06788091
vt 0.1463369 -0.07061341
vt 0.1487962 0.03418903
vt 0.1568865 0.02367708
vt 0.1637994 0.03331641
vt 0.2131527 0.01093807
vt 0.2216599 0.01628667
vt 0.2161694 0.02836176
vt 0.2077207 -0.01223506
vt 0.2172406 -0.00614772
vt 0.2112714 0.007249477
vt -0.2258565 0.02311382
vt -0.2160063 0.02133729
vt -0.2187031 0.03795462
vt -0.1261209 0.1540301
vt -0.1371384 0.1372856
vt -0.1291745 0.1334372
vt 0.1809523 -0.06856691
vt 0.1907813 -0.07065775
vt 0.190611 -0.05285927
vt -0.02312211 -0.1526621
vt -0.008554431 -0.146078
vt -0.01529058 -0.1322118
vt 0.07076842 -0.08712571
vt 0.08060184 -0.09899803
vt 0.08538477 -0.08363009
vt -0.1396402 -0.1074135
vt -0.1259683 -0.1196173
vt -0.1216173 -0.1017372
vt 0.2003421 0.009917445
vt 0.2064952 -0.004837411
vt 0.2140709 -0.0002719672
vt -0.1847704 -0.04453703
vt -0.1830176 -0.06015619
vt -0.1713167 -0.05123447
vt 0.2419905 -0.007358006
vt 0.2476161 0.002963591
vt 0.238773 0.00880258
vt 0.06880711 0.1190129
vt 0.06102642 0.1244271
vt 0.05401682 0.1172268
vt 0.1984634 -0.1031347
vt 0.2076347 -0.09902785
vt 0.2080152 -0.0920115
vt 0.2313655 0.01446857
vt 0.2289757 0.02379465
vt 0.2185517 0.02046535
vt 0.2222729 0.01593461
vt 0.2325618 0.0196605
vt 0.2284799 0.0296215
vt -0.1586577 0.05151979
vt -0.1708508 0.05313046
vt -0.1703503 0.04207836
vt 0.03665964 -0.0355343
vt 0.04428531 -0.02945475
vt 0.03977386 -0.02083673
vt -0.09339345 -0.06695016
vt -0.09056546 -0.07625746
vt -0.07893302 -0.07104327
vt 0.1352123 -0.06552709
vt 0.1405781 -0.05317109
vt 0.1272281 -0.05622388
vt 0.1055221 0.08550985
vt 0.1176448 0.08341438
vt 0.1100717 0.09861808
vt 0.2015651 -0.001671315
vt 0.2113691 0.0005335345
vt 0.2107578 0.01221886
vt 0.151732 0.003120758
vt 0.149376 0.00471919
vt 0.1432001 -0.004383477
vt 0.1455561 -0.00598191
vt 0.1214255 0.04350839
vt 0.118808 0.04462846
vt 0.1144804 0.03451553
vt 0.1170978 0.03339545
vt 0.04569618 0.08507724
vt 0.04285476 0.08525549
vt 0.04216606 0.07427707
vt 0.04500749 0.07409882
vt -0.04990917 0.07620154
vt -0.0526213 0.07533563
vt -0.04927564 0.06485677
vt -0.04656351 0.06572269
vt -0.1159342 0.03169062
vt -0.1183585 0.03019788
vt -0.112591 0.02083111
vt -0.1101667 0.02232384
vt -0.1466315 2.907167E-06
vt -0.1489122 -0.001701222
vt -0.1423279 -0.01051301
vt -0.1400473 -0.00880888
vt -0.149376 0.004719204
vt -0.151732 0.003120771
vt -0.1455561 -0.005981898
vt -0.1432001 -0.004383465
vt -0.118808 0.04462849
vt -0.1214254 0.04350841
vt -0.1170978 0.03339548
vt -0.1144804 0.03451556
vt -0.04285477 0.08525549
vt -0.04569619 0.08507724
vt -0.04500749 0.07409883
vt -0.04216607 0.07427707
vt 0.05262132 0.07533562
vt 0.04990919 0.07620154
vt 0.04656353 0.06572268
vt 0.04927566 0.06485676
vt 0.1183585 0.03019788
vt 0.1159342 0.03169062
vt 0.1101667 0.02232385
vt 0.112591 0.02083112
vt 0.1489122 -0.001701217
vt 0.1466315 2.907157E-06
vt 0.1400473 -0.00880888
vt 0.1423279 -0.01051301
vt 0.1212917 0.03854569
vt 0.1236852 0.0370044
vt 0.129765 0.04685798
vt 0.1284497 0.0481839
vt 0.03418731 -0.1207441
vt 0.03297506 -0.118168
vt 0.03063722 -0.1165432
vt 0.02780019 -0.1163051
vt 0.02522416 -0.1175173
vt 0.02359937 -0.1198552
vt 0.02336119 -0.1226922
vt 0.02457343 -0.1252682
vt 0.02691128 -0.126893
vt 0.0297483 -0.1271312
vt 0.03232433 -0.125919
vt 0.03394912 -0.1235811
vt 0.05099255 0.0859241
vt 0.05370117 0.08504892
vt 0.05541253 0.09628558
vt 0.05376561 0.09716533
vt -0.0453985 0.08190159
vt -0.04255687 0.08207653
vt -0.04622746 0.09289624
vt -0.1161483 0.03097023
vt -0.1135058 0.03202863
vt -0.1208636 0.04115729
vt -0.122577 0.04041523
vt -0.1448201 -0.004135894
vt -0.1424292 -0.002590286
vt -0.1513901 0.005648777
vt -0.1528147 0.004440701
vt -0.1525756 -0.004344379
vt -0.1503829 -0.002528815
vt -0.1598699 0.005843482
vt -0.1610489 0.004395178
vt -0.1391506 0.03396657
vt -0.1369569 0.03578087
vt -0.1456241 0.04553673
vt -0.146774 0.04406518
vt -0.07667853 0.1006863
vt -0.07409424 0.1018808
vt -0.07865015 0.1143404
vt -0.08017347 0.1132594
vt 0.04979995 0.1109934
vt 0.05263267 0.1107109
vt 0.05621191 0.1234606
vt 0.05434437 0.1234571
vt 0.1271985 0.04717148
vt 0.1297478 0.04590534
vt 0.1379037 0.05599438
vt 0.1362418 0.05684525
vt 0.1499789 0.003719017
vt 0.1523203 0.002100177
vt 0.1613408 0.01078312
vt 0.1599455 0.01202404
vt 0.1479624 0.00217604
vt 0.1502392 0.0004670284
vt 0.158491 0.009187073
vt 0.157245 0.01057831
vt 0.1379176 0.04914492
vt 0.1391659 0.04775559
vt 0.1495385 0.0655883
vt 0.1488202 0.06674491
vt -0.0578572 0.08990481
vt -0.05972482 0.08987154
vt -0.05655497 0.07895613
vt 0.05406364 0.105802
vt 0.05570944 0.1049187
vt 0.05751594 0.1254923
vt 0.0564177 0.1262973
vt -0.06183418 0.09273059
vt -0.059967 0.0927792
vt -0.06827731 0.1118061
vt -0.0696381 0.1118522
vt -0.1261433 0.03992869
vt -0.1244379 0.04069073
vt -0.1376564 0.05691464
vt -0.138883 0.0563233
vt -0.1532498 0.006479232
vt -0.1518253 0.007686906
vt -0.1667235 0.02263211
vt -0.1676654 0.02164943
vt -0.1610499 0.004724194
vt -0.1598687 0.006170326
vt -0.1746787 0.02140178
vt -0.1753662 0.02022758
vt -0.1444695 0.04342516
vt -0.1432896 0.04487282
vt -0.1554991 0.06234813
vt -0.1561648 0.06116077
vt -0.06670963 0.1098645
vt -0.06511212 0.1108325
vt -0.06890772 0.1317948
vt -0.06996203 0.130933
vt 0.05994495 0.1056808
vt 0.06181213 0.1056303
vt 0.0696634 0.1253239
vt 0.06830261 0.1252761
vt 0.1301726 0.04844512
vt 0.1318628 0.04764972
vt 0.1450841 0.06401192
vt 0.1438695 0.06462774
vt 0.1566696 0.01190218
vt 0.1580891 0.01068843
vt 0.1725775 0.02568637
vt 0.1716438 0.02667711
vt 0.1611668 0.01020311
vt 0.162378 0.008781658
vt 0.1761123 0.02427335
vt 0.1754066 0.02543719
vt -0.07854396 -0.06934884
vt -0.07788928 -0.07054284
vt -0.0767253 -0.07124956
vt -0.07536392 -0.07127959
vt -0.0741699 -0.0706249
vt -0.0734632 -0.06946092
vt -0.07343318 -0.06809954
vt -0.07408786 -0.06690554
vt -0.07525183 -0.06619883
vt -0.07661321 -0.06616879
vt -0.07780723 -0.06682348
vt -0.07851393 -0.06798746
vt 0.1512984 0.1099285
vt 0.12291 0.1017458
vt 0.1231467 0.1004735
vt -0.1788172 0.06521215
vt -0.1573863 0.0449593
vt -0.1564681 0.04587118
vt -0.1870653 -0.01936776
vt -0.1589335 -0.0274597
vt -0.1586537 -0.02619622
vt -0.1816418 -0.01050488
vt -0.1533853 -0.01685276
vt -0.1533066 -0.01556106
vt -0.1760455 0.02014947
vt -0.1481143 0.01385959
vt -0.1481307 0.01515358
vt -0.1672254 0.06251092
vt -0.1399086 0.05487301
vt -0.1398932 0.05616702
vt -0.1362859 0.1244534
vt -0.1116115 0.1107345
vt -0.11126 0.1119799
vt 0.1712687 0.07992085
vt 0.1502478 0.06101338
vt 0.1512554 0.06020134
vt 0.1871141 -0.01654952
vt 0.1590944 -0.02166802
vt 0.1594106 -0.0229229
vt 0.1823188 -0.01173072
vt 0.1536352 -0.01439947
vt 0.1537235 -0.01569055
vt 0.1783165 0.01682636
vt 0.1492444 0.01464259
vt 0.1492238 0.01334867
vt 0.1715174 0.0583273
vt 0.1421702 0.0537814
vt 0.1421637 0.05248732
vt 0.01746386 0.05143036
vt 0.01769916 0.05015785
vt 0.01853919 0.04917346
vt 0.01975888 0.04874096
vt 0.0210314 0.04897626
vt 0.02201579 0.0498163
vt 0.02244828 0.05103598
vt 0.02221298 0.0523085
vt 0.02137294 0.05329289
vt 0.02015326 0.05372538
vt 0.01888073 0.05349008
vt 0.01789635 0.05265005
vt -0.07937267 0.006903394
vt -0.08057414 0.007384165
vt -0.08185504 0.007199787
vt -0.08287214 0.006399666
vt -0.08335291 0.005198192
vt -0.08316854 0.0039173
vt -0.08236842 0.0029002
vt -0.08116694 0.00241943
vt -0.07988604 0.002603808
vt -0.07886895 0.003403929
vt -0.07838818 0.004605402
vt -0.07857256 0.005886295
vt 0.1795751 5.2344E-05
vt 0.179907 0.001303155
vt 0.1505028 -0.002128507
vt 0.1464165 0.03185173
vt 0.1757904 0.03553428
vt 0.1759301 0.03682081
vt 0.1841063 -0.02212769
vt 0.1844351 -0.02087605
vt 0.1554817 -0.02536865
vt 0.1887305 0.01242175
vt 0.1886296 0.01371191
vt 0.1620573 0.002429689
vt -0.1127594 0.1489969
vt -0.1136546 0.1480624
vt -0.09055184 0.1314984
vt -0.1640279 0.07773957
vt -0.1642453 0.07646386
vt -0.1370297 0.06948522
vt -0.17396 0.03731304
vt -0.1738223 0.03602629
vt -0.1463504 0.03081264
vt -0.1801991 0.001677134
vt -0.1798703 0.0004254929
vt -0.1522669 -0.004608239
vt -0.1862147 -0.01681091
vt -0.1859157 -0.01807
vt -0.1583104 -0.02456194
vt -0.1884973 0.0277485
vt -0.1886927 0.02646926
vt -0.1637006 0.01219194
vt 0.108717 0.1535435
vt 0.1077853 0.1544417
vt 0.08397628 0.1375011
vt 0.165324 0.07802207
vt 0.1650968 0.07929607
vt 0.1361744 0.073209
vt 0.1358149 -0.05028161
vt 0.1365862 -0.04899511
vt 0.134622 -0.048249
vt 0.1338483 -0.0495341
vt -0.08148344 -0.1493456
vt -0.07999013 -0.1492041
vt -0.08009153 -0.1471268
vt -0.08158671 -0.147247
vt -0.1685675 0.03472575
vt -0.1677337 0.03347885
vt -0.1658062 0.03420832
vt -0.1666239 0.03546582
vt -0.1365728 -0.04875313
vt -0.1358033 -0.05004071
vt -0.1338708 -0.04931701
vt -0.1346426 -0.04803082
vt 0.07996069 -0.1487435
vt 0.08145393 -0.1488857
vt 0.08155681 -0.1468032
vt 0.08006169 -0.1466823
vt 0.167621 0.03348356
vt 0.1684554 0.03473006
vt 0.1664916 0.03548467
vt 0.1656732 0.03422756
vt -0.09813577 0.08140372
vt -0.09663676 0.08145817
vt -0.09593439 0.08278356
vt -0.09673104 0.08405453
vt -0.09823005 0.08400009
vt -0.09893242 0.0826747
vt 0.09624182 0.08234967
vt 0.09552751 0.08366867
vt 0.09402807 0.08370955
vt 0.09324294 0.08243145
vt 0.09395725 0.08111244
vt 0.0954567 0.08107156
vt 0.08843835 -0.1232384
vt 0.08694059 -0.1231564
vt 0.08747406 -0.12541
vt 0.08897291 -0.1254686
vt -0.1429178 -0.04829468
vt -0.1436456 -0.0469831
vt -0.1453556 -0.04845429
vt -0.1446823 -0.04979465
vt -0.1772892 0.005820838
vt -0.1782765 0.006949966
vt -0.1800351 0.005672988
vt -0.1791114 0.004491235
vt -0.08703481 -0.1222837
vt -0.0885326 -0.1223651
vt -0.08907507 -0.1244464
vt -0.0875762 -0.1243886
vt 0.1452795 -0.04693199
vt 0.1445588 -0.0482475
vt 0.1462357 -0.04968809
vt 0.1469019 -0.04834416
vt 0.1788451 0.006691377
vt 0.177859 0.005561092
vt 0.1797118 0.004209798
vt 0.1806341 0.005392721
vt -0.09573172 0.07483172
vt -0.09423224 0.07487111
vt -0.0935166 0.07618938
vt -0.09430046 0.07746829
vt -0.09579994 0.0774289
vt -0.09651558 0.07611062
vt 0.07692864 -0.1598079
vt 0.07543762 -0.1596442
vt 0.07586744 -0.1618419
vt 0.07736433 -0.161938
vt -0.1690956 -0.03018895
vt -0.1695453 -0.02875829
vt -0.171594 -0.02913243
vt -0.1712962 -0.03060224
vt -0.1773335 0.01449581
vt -0.1781982 0.01572131
vt -0.1800521 0.01551594
vt -0.1793906 0.01416981
vt -0.06693982 -0.1656886
vt -0.06842075 -0.1659268
vt -0.06880188 -0.1676886
vt -0.06731184 -0.1675164
vt 0.1745188 -0.02253084
vt 0.1741311 -0.0239794
vt 0.1760679 -0.02424116
vt 0.1763064 -0.02276068
vt 0.1782833 0.01617235
vt 0.177422 0.01494437
vt 0.1795646 0.01457463
vt 0.180222 0.01592277
vt -0.08801779 0.05524846
vt -0.08651781 0.0552555
vt -0.0857739 0.05655802
vt -0.08652999 0.05785354
vt -0.08802997 0.05784651
vt -0.08877388 0.05654398
vt -0.07725768 0.1633042
vt -0.07576086 0.1632089
vt -0.07651907 0.1653877
vt -0.07801892 0.1653882
vt -0.181097 0.003615979
vt -0.1811092 0.005115577
vt -0.1832766 0.005490408
vt -0.1833728 0.003993848
vt -0.1795813 0.01407109
vt -0.1802473 0.01541503
vt -0.1822083 0.01585552
vt -0.1817521 0.01442668
vt 0.07758582 0.161565
vt 0.07908365 0.1616417
vt 0.07987469 0.1633989
vt 0.07837497 0.1634134
vt 0.1814931 0.01563565
vt 0.1815705 0.01413811
vt 0.1835396 0.0146225
vt 0.1833602 0.01611128
vt 0.1805836 0.01544039
vt 0.1799189 0.01409584
vt 0.1821099 0.01444514
vt 0.1825647 0.01587442
vt -0.07727416 0.03615563
vt -0.0757743 0.03613464
vt -0.07500618 0.03742303
vt -0.07573792 0.03873245
vt -0.07723777 0.03875344
vt -0.0780059 0.03746504
vt 0.08951502 -0.1573174
vt 0.08801904 -0.1574271
vt 0.08912367 -0.1593328
vt 0.0906188 -0.159212
vt -0.1830844 -0.002551307
vt -0.1830429 -0.001052041
vt -0.1851048 -0.001461811
vt -0.1852498 -0.002954631
vt -0.1815348 -0.004984551
vt -0.1821411 -0.003612775
vt -0.1841064 -0.003945119
vt -0.1836035 -0.005358071
vt -0.08772007 -0.1574466
vt -0.08921625 -0.1573396
vt -0.09029891 -0.1590017
vt -0.08880357 -0.1591198
vt 0.1843606 0.001990247
vt 0.1844267 0.0004918825
vt 0.1864745 0.0001136897
vt 0.1863061 0.001604033
vt 0.1835705 -0.002744387
vt 0.1829744 -0.004120638
vt 0.1851318 -0.004511524
vt 0.1856232 -0.003094511
vt -0.07719024 0.02114147
vt -0.07569041 0.02111907
vt -0.07492109 0.02240675
vt -0.0756516 0.02371684
vt -0.07715143 0.02373925
vt -0.07792076 0.02245157
vt 0.002188065 0.1861455
vt 0.003544495 0.1855052
vt 0.003509108 0.187698
vt 0.002136849 0.1883037
vt -0.1852308 0.008209151
vt -0.1849973 0.009690866
vt -0.1871702 0.009785332
vt -0.1874217 0.008306574
vt -0.1852839 0.001609779
vt -0.1857249 0.003043457
vt -0.187845 0.003146757
vt -0.187457 0.00169782
vt 0.005686065 0.1857785
vt 0.00707308 0.1863497
vt 0.007262015 0.1884297
vt 0.005860949 0.1878939
vt 0.1858765 0.01199184
vt 0.186127 0.01051292
vt 0.1882308 0.01062043
vt 0.1879624 0.01209622
vt 0.1865728 0.002544649
vt 0.1861298 0.001111563
vt 0.1882867 0.001201354
vt 0.1886767 0.002649755
vt -0.07380754 0.0163252
vt -0.07230777 0.01629936
vt -0.07153548 0.01758527
vt -0.07226299 0.01889704
vt -0.07376276 0.01892289
vt -0.07453505 0.01763698
vt -0.06667557 0.1691001
vt -0.06517713 0.1690322
vt -0.06605281 0.1710418
vt -0.06754951 0.171141
vt -0.1826558 0.02265565
vt -0.1822802 0.02410769
vt -0.1842967 0.02477981
vt -0.1847363 0.02334584
vt -0.1872917 0.008360388
vt -0.1876277 0.009822257
vt -0.1895988 0.01050966
vt -0.1893063 0.009038449
vt 0.06584513 0.1685822
vt 0.06734382 0.1686445
vt 0.06823183 0.1705639
vt 0.06673475 0.1704706
vt 0.183516 0.02477339
vt 0.1838941 0.023322
vt 0.1859629 0.02401266
vt 0.1855211 0.02544592
vt 0.1880335 0.01128403
vt 0.1877095 0.009819431
vt 0.1898252 0.0104923
vt 0.1901053 0.01196592
vt -0.07878822 0.008587772
vt -0.07728842 0.008563718
vt -0.07651766 0.009850542
vt -0.07724674 0.01116145
vt -0.07874654 0.01118551
vt -0.07951729 0.00989868
vt 0.0931418 0.1661793
vt 0.09402893 0.1649698
vt 0.09465773 0.167048
vt 0.09379541 0.1682753
vt -0.1845865 0.02288006
vt -0.1841448 0.02431353
vt -0.1863019 0.02435716
vt -0.1867572 0.02292794
vt -0.1848771 -0.01178247
vt -0.1853404 -0.01035581
vt -0.1875081 -0.01031277
vt -0.1870342 -0.01173594
vt -0.09354775 0.1653489
vt -0.09265651 0.1665554
vt -0.09329976 0.1686513
vt -0.09416627 0.1674269
vt 0.186058 0.02384949
vt 0.1864918 0.0224136
vt 0.1886974 0.02246022
vt 0.18825 0.02389191
vt 0.1871616 -0.009980464
vt 0.1867057 -0.01140949
vt 0.1889008 -0.0113643
vt 0.1893674 -0.009938731
vt -0.08364633 0.008422079
vt -0.08214651 0.008398845
vt -0.08137646 0.00968609
vt -0.08210625 0.0109966
vt -0.08360607 0.01101984
vt -0.08437611 0.009732587
vt 0.1430402 -0.0442322
vt 0.1441481 -0.04322102
vt 0.1430537 -0.04142543
vt 0.1419549 -0.04244643
vt -0.03601998 -0.1124451
vt -0.03452048 -0.1124832
vt -0.03457362 -0.1104297
vt -0.0360711 -0.110343
vt -0.1788526 -0.02402361
vt -0.1777852 -0.02507741
vt -0.1767939 -0.0233487
vt -0.1778155 -0.02225038
vt -0.1435371 -0.04298427
vt -0.1424269 -0.04399298
vt -0.1414215 -0.04228757
vt -0.1425227 -0.04126904
vt 0.03445453 -0.1116908
vt 0.03595404 -0.1116531
vt 0.03600886 -0.1096257
vt 0.03451136 -0.1097119
vt 0.177997 -0.02521409
vt 0.1790641 -0.02415993
vt 0.178 -0.02236146
vt 0.1769787 -0.02346012
vt -0.0305024 0.1073092
vt -0.02900311 0.107263
vt -0.02821346 0.1085384
vt -0.02892309 0.1098599
vt -0.03042238 0.1099061
vt -0.03121204 0.1086308
vt 0.02372314 0.1053193
vt 0.0228997 0.1065731
vt 0.02140218 0.1064868
vt 0.0207281 0.1051468
vt 0.02155155 0.103893
vt 0.02304907 0.1039793
vt 0.03770906 -0.1148647
vt 0.03620977 -0.1149108
vt 0.03649909 -0.1169617
vt 0.03799903 -0.1169482
vt -0.1546607 -0.04927335
vt -0.1557317 -0.04822308
vt -0.1567355 -0.0500216
vt -0.1556729 -0.05108033
vt -0.1729417 -0.02452683
vt -0.1740336 -0.0234983
vt -0.1752133 -0.02521214
vt -0.174107 -0.02622515
vt -0.03620238 -0.1144466
vt -0.03770166 -0.1144005
vt -0.03799186 -0.1164935
vt -0.03649192 -0.116507
vt 0.1557156 -0.04818188
vt 0.1546448 -0.04923227
vt 0.1556962 -0.05107852
vt 0.1567586 -0.05001966
vt 0.1746154 -0.02398026
vt 0.1735243 -0.0250096
vt 0.1747211 -0.0267396
vt 0.1758266 -0.02572579
vt -0.03607778 0.106807
vt -0.03457788 0.1067895
vt -0.03381281 0.1080797
vt -0.03454763 0.1093874
vt -0.03604754 0.1094049
vt -0.03681261 0.1081146
vt 0.03908011 -0.1091704
vt 0.03758022 -0.1091889
vt 0.03770848 -0.111293
vt 0.03920844 -0.1113034
vt -0.1477182 -0.04838008
vt -0.1488087 -0.04735015
vt -0.1497701 -0.04921216
vt -0.1486886 -0.05025154
vt -0.175979 -0.02657809
vt -0.177078 -0.02555721
vt -0.1781285 -0.02738918
vt -0.1770182 -0.02839778
vt -0.03757848 -0.1085182
vt -0.03907836 -0.1084998
vt -0.03920672 -0.1106365
vt -0.03770676 -0.1106261
vt 0.1487985 -0.04723734
vt 0.1477085 -0.04826782
vt 0.1487122 -0.05017274
vt 0.1497932 -0.04913281
vt 0.1775678 -0.02594838
vt 0.1764695 -0.02697002
vt 0.1775387 -0.02882019
vt 0.1786483 -0.02781082
vt -0.04099495 0.1057609
vt -0.03949497 0.1057694
vt -0.03875235 0.1070727
vt -0.03950971 0.1083674
vt -0.04100969 0.1083589
vt -0.0417523 0.1070557
vt 0.03977975 -0.1330822
vt 0.03827976 -0.1330744
vt 0.03877104 -0.1350236
vt 0.04027087 -0.1350462
vt -0.1672082 -0.05202544
vt -0.1682059 -0.05090531
vt -0.1693525 -0.05255051
vt -0.1683585 -0.05367395
vt -0.174137 -0.02710477
vt -0.1752574 -0.0261074
vt -0.1766232 -0.0275884
vt -0.1754966 -0.02857875
vt -0.03828229 -0.1327816
vt -0.03978227 -0.1327895
vt -0.04027334 -0.1347581
vt -0.03877351 -0.1347355
vt 0.1683739 -0.0512292
vt 0.1673754 -0.0523485
vt 0.1685425 -0.05401409
vt 0.1695373 -0.05289146
vt 0.1758513 -0.02670759
vt 0.1747313 -0.02770535
vt 0.1761042 -0.02919317
vt 0.1772304 -0.02820243
vt -0.04387867 0.1053977
vt -0.04237882 0.1054191
vt -0.04164741 0.1067287
vt -0.04241584 0.1080169
vt -0.04391569 0.1079955
vt -0.04464711 0.106686
vt 0.04046344 -0.140402
vt 0.03896359 -0.1403805
vt 0.03953833 -0.1425395
vt 0.04103756 -0.1425878
vt -0.1707745 -0.05233651
vt -0.1717514 -0.05119821
vt -0.1730908 -0.05294738
vt -0.1721383 -0.05410612
vt -0.1758006 -0.02870543
vt -0.1769263 -0.0277141
vt -0.1784886 -0.02926007
vt -0.1773663 -0.03025534
vt -0.03897804 -0.1399774
vt -0.04047789 -0.1399988
vt -0.04105296 -0.1421468
vt -0.03955373 -0.1420986
vt 0.1720162 -0.05160816
vt 0.1710383 -0.05274561
vt 0.1724167 -0.05452994
vt 0.1733702 -0.05337204
vt 0.177722 -0.02840604
vt 0.1765972 -0.02939849
vt 0.1782023 -0.03098946
vt 0.1793235 -0.02999308
vt -0.04871931 0.1022408
vt -0.04721995 0.1022847
vt -0.04650836 0.1036052
vt -0.04729613 0.1048817
vt -0.04879548 0.1048377
vt -0.04950707 0.1035172
vt 0.04115957 -0.1477777
vt 0.03966033 -0.1477302
vt 0.04040865 -0.1496445
vt 0.04190569 -0.1497388
vt -0.1804603 -0.04536469
vt -0.1813319 -0.04414397
vt -0.1826119 -0.04565941
vt -0.1818019 -0.04692182
vt -0.1728785 -0.02773908
vt -0.1740106 -0.02675502
vt -0.1755172 -0.0280005
vt -0.1744046 -0.02900651
vt -0.03972437 -0.147082
vt -0.04122363 -0.1471292
vt -0.0419754 -0.1489794
vt -0.04047834 -0.1488855
vt 0.181915 -0.0448333
vt 0.1810417 -0.04605278
vt 0.1823926 -0.04761958
vt 0.1832044 -0.04635828
vt 0.1758739 -0.02838768
vt 0.174744 -0.02937418
vt 0.1763498 -0.03072456
vt 0.1774601 -0.02971593
vt -0.05641725 0.09403604
vt -0.05491935 0.0941155
vt -0.05423922 0.09545244
vt -0.05505698 0.09670992
vt -0.05655488 0.09663045
vt -0.05723501 0.09529351
vt 0.02071959 -0.1869889
vt 0.01924003 -0.1867422
vt 0.01987592 -0.1890346
vt 0.02134756 -0.1893249
vt -0.1895654 -0.01785487
vt -0.1901591 -0.01647817
vt -0.192269 -0.01720255
vt -0.1918138 -0.01863102
vt -0.1819292 -0.03383722
vt -0.1830193 -0.03280704
vt -0.1850885 -0.03329208
vt -0.1840862 -0.03440783
vt -0.0118647 -0.1897769
vt -0.01333417 -0.1900779
vt -0.01393793 -0.1921554
vt -0.01247779 -0.1918119
vt 0.1915221 -0.01416198
vt 0.190949 -0.01554736
vt 0.1931426 -0.01626769
vt 0.1935782 -0.01483316
vt 0.1846978 -0.03299902
vt 0.1836141 -0.034036
vt 0.1859282 -0.03473994
vt 0.1869228 -0.03361716
vt -0.06271133 0.07447613
vt -0.06121491 0.07457978
vt -0.06055648 0.07592754
vt -0.06139445 0.07717164
vt -0.06289087 0.07706799
vt -0.06354931 0.07572024
vt -0.1603082 -0.1073044
vt -0.1607335 -0.105866
vt -0.1623781 -0.107488
vt -0.1619644 -0.1089298
vt -0.1878427 0.005415726
vt -0.188105 0.006891097
vt -0.1902464 0.006835107
vt -0.1901504 0.005339683
vt -0.1854993 -0.03596573
vt -0.1864928 -0.03484238
vt -0.1884853 -0.03474369
vt -0.1876422 -0.03598388
vt 0.151296 0.1173298
vt 0.1525217 0.1164651
vt 0.1543827 0.1172107
vt 0.1531505 0.118066
vt 0.1866828 0.01461863
vt 0.1864848 0.0131335
vt 0.1886469 0.01316317
vt 0.1886859 0.01466095
vt 0.1885839 -0.03393687
vt 0.1876026 -0.03507104
vt 0.1899196 -0.03519616
vt 0.1907472 -0.03394545
vt -0.06344524 0.04753356
vt -0.06194871 0.04763568
vt -0.06128891 0.04898278
vt -0.06212562 0.05022772
vt -0.06362215 0.0501256
vt -0.06428196 0.04877851
vt -0.00647313 -0.1950813
vt -0.007884223 -0.1945726
vt -0.007174503 -0.1969329
vt -0.005753516 -0.1974133
vt -0.1870686 0.007621217
vt -0.1871089 0.00911862
vt -0.1893133 0.008650067
vt -0.189489 0.00716247
vt -0.170655 -0.04480568
vt -0.1715788 -0.0436272
vt -0.1735962 -0.04389942
vt -0.1728718 -0.04520993
vt 0.02404359 -0.194237
vt 0.02267833 -0.1948583
vt 0.02192274 -0.1967281
vt 0.02330011 -0.1961341
vt 0.1820854 0.0189328
vt 0.1821353 0.01743624
vt 0.1843148 0.01708462
vt 0.1840656 0.01856113
vt 0.1777323 -0.04422363
vt 0.1768236 -0.04541439
vt 0.1792161 -0.04588965
vt 0.1799138 -0.04456425
vt -0.05837898 0.008292759
vt -0.05688157 0.008380881
vt -0.05620919 0.009721739
vt -0.05703422 0.01097446
vt -0.05853163 0.01088634
vt -0.05920401 0.009545484
vt 0.01303258 -0.1955408
vt 0.01157301 -0.1951949
vt 0.01212305 -0.1974977
vt 0.0135849 -0.1978339
vt -0.1960238 -0.01395931
vt -0.1959908 -0.0124598
vt -0.1981694 -0.01311138
vt -0.1983015 -0.01460542
vt -0.184913 -0.0466165
vt -0.1855627 -0.04526479
vt -0.1876504 -0.04586605
vt -0.1870942 -0.04725883
vt -0.0142032 -0.1943155
vt -0.01566704 -0.1946429
vt -0.01629574 -0.1967136
vt -0.01482974 -0.196396
vt 0.1966563 -0.01023669
vt 0.1967065 -0.01173571
vt 0.1988733 -0.01236417
vt 0.198725 -0.01087167
vt 0.187925 -0.0444955
vt 0.1872866 -0.0458526
vt 0.1895517 -0.04650957
vt 0.1900953 -0.04511178
vt -0.05718625 -0.008187786
vt -0.05568872 -0.008101732
vt -0.05501448 -0.006761816
vt -0.05583777 -0.005507947
vt -0.05733531 -0.005593997
vt -0.05800954 -0.006933914
vt -0.06117358 -0.1907378
vt -0.06241003 -0.1898886
vt -0.06304953 -0.1921093
vt -0.06182272 -0.1929725
vt -0.1986446 -0.0201017
vt -0.1985513 -0.01860478
vt -0.2006892 -0.01886144
vt -0.2009432 -0.02033961
vt -0.1965607 -0.03249655
vt -0.196984 -0.03105778
vt -0.1989826 -0.03129711
vt -0.1986965 -0.03276934
vt 0.05085092 -0.1932821
vt 0.04956558 -0.1940553
vt 0.04991385 -0.1960539
vt 0.05119042 -0.1952663
vt 0.1992778 -0.0169026
vt 0.1993838 -0.01839866
vt 0.2015561 -0.01863369
vt 0.2012903 -0.01715761
vt 0.1984939 -0.02800018
vt 0.1980938 -0.02944565
vt 0.2004043 -0.02972137
vt 0.2006652 -0.02824443
vt -0.05873091 -0.03198316
vt -0.05723337 -0.03189703
vt -0.05655922 -0.03055707
vt -0.05738258 -0.02930324
vt -0.05888011 -0.02938938
vt -0.05955427 -0.03072934
vt -0.0168407 -0.2018472
vt -0.01823005 -0.2012818
vt -0.0182253 -0.2033515
vt -0.01684939 -0.2039489
vt -0.2008658 -0.01829557
vt -0.2005949 -0.01682026
vt -0.2025952 -0.01716244
vt -0.2029084 -0.01862938
vt -0.1967169 -0.03885306
vt -0.1970476 -0.03738997
vt -0.1990363 -0.03775011
vt -0.1987137 -0.03921503
vt 0.01519329 -0.2010268
vt 0.01379611 -0.2015726
vt 0.01375536 -0.203625
vt 0.01513956 -0.2030471
vt 0.2012781 -0.01700421
vt 0.2015466 -0.01847996
vt 0.2036133 -0.0188122
vt 0.2033025 -0.01734477
vt 0.1987923 -0.03572821
vt 0.1984761 -0.0371945
vt 0.2005471 -0.03755167
vt 0.2008551 -0.03608363
vt -0.06383504 -0.03653958
vt -0.06233739 -0.03645544
vt -0.06166146 -0.03511637
vt -0.06248317 -0.03386146
vt -0.06398082 -0.03394561
vt -0.06465674 -0.03528468
vt 0.1627394 0.02820519
vt 0.1612496 0.02803058
vt 0.1609263 0.02573682
vt 0.1624103 0.02595457
vt 0.02792374 0.07083974
vt 0.02674422 0.06991305
vt 0.02778738 0.06786353
vt 0.02897733 0.06877677
vt -0.1073343 -0.008433068
vt -0.1086455 -0.009161446
vt -0.1074339 -0.01104682
vt -0.1060951 -0.01037036
vt -0.1612882 0.0277432
vt -0.162778 0.02791751
vt -0.1624384 0.02574452
vt -0.1609542 0.02552706
vt -0.02537037 0.07152262
vt -0.02654767 0.07245212
vt -0.02754329 0.07047233
vt -0.02635554 0.06955622
vt 0.1091548 -0.008176494
vt 0.1078433 -0.007448456
vt 0.1066164 -0.009363725
vt 0.1079554 -0.01003989
vt -0.1667116 0.006675398
vt -0.166178 0.005273527
vt -0.1646971 0.005034734
vt -0.1637499 0.006197806
vt -0.1642835 0.007599676
vt -0.1657644 0.007838472
vt 0.1649064 0.01479956
vt 0.1634376 0.01449494
vt 0.1629671 0.01307066
vt 0.1639653 0.011951
vt 0.165434 0.01225562
vt 0.1659046 0.0136799
vt -0.0874752 -0.00923481
vt -0.08625656 -0.01010941
vt -0.08518139 -0.008269505
vt -0.08639678 -0.007390392
vt -0.1635511 0.02055544
vt -0.1620594 0.02039776
vt -0.1611336 0.02235213
vt -0.1626285 0.02247639
vt -0.07789221 -0.06311388
vt -0.07664378 -0.06228238
vt -0.07699248 -0.06011043
vt -0.07821758 -0.06097595
vt 0.0842537 -0.007460205
vt 0.08547355 -0.006587309
vt 0.08435736 -0.00468529
vt 0.08314077 -0.005562743
vt 0.1619608 0.02142825
vt 0.1634525 0.02158635
vt 0.1625251 0.02355226
vt 0.1610303 0.02342767
vt 0.07619134 -0.06292753
vt 0.07743911 -0.06376002
vt 0.07774979 -0.06164617
vt 0.07652538 -0.06077969
vt -0.165672 0.001973662
vt -0.1650926 0.0005900505
vt -0.1636047 0.0003999741
vt -0.1626961 0.001593493
vt -0.1632755 0.002977105
vt -0.1647634 0.003167185
vt -0.08241336 -0.001268925
vt -0.08119477 -0.002143577
vt -0.08005195 -0.0004312481
vt -0.08126025 0.0004575749
vt -0.1622077 0.02526295
vt -0.1607135 0.0251315
vt -0.1598247 0.02700648
vt -0.1613203 0.02712055
vt -0.07431819 -0.06521157
vt -0.07310516 -0.06432922
vt -0.07361593 -0.06228314
vt -0.07480695 -0.06319499
vt 0.07959639 8.5384E-07
vt 0.08081561 0.0008746262
vt 0.07963414 0.002642667
vt 0.07842524 0.00175464
vt 0.1606381 0.02600813
vt 0.1621323 0.02614002
vt 0.1612399 0.0280521
vt 0.1597442 0.02793762
vt 0.0728144 -0.06471775
vt 0.07402746 -0.06560005
vt 0.07451691 -0.06358241
vt 0.07332586 -0.0626706
vt -0.1646249 -0.0001335487
vt -0.1640211 -0.001506706
vt -0.1625301 -0.001670457
vt -0.1616428 -0.0004610667
vt -0.1622465 0.0009120916
vt -0.1637375 0.001075846
vt -0.06942122 0.01649434
vt -0.0682095 0.01561018
vt -0.06763739 0.01748157
vt -0.06885992 0.01835072
vt -0.1613193 0.02291205
vt -0.1598236 0.02279904
vt -0.1594912 0.02479381
vt -0.1609904 0.02484103
vt -0.1036043 -0.01943557
vt -0.1023402 -0.01862809
vt -0.1026711 -0.01658416
vt -0.1039058 -0.01743583
vt 0.06584608 0.01889833
vt 0.06705762 0.01978274
vt 0.06642617 0.02173599
vt 0.06520374 0.02086671
vt 0.1597521 0.02411332
vt 0.1612477 0.02422661
vt 0.160917 0.02618591
vt 0.1594178 0.02613865
vt 0.103027 -0.0175138
vt 0.1042919 -0.01832003
vt 0.1045407 -0.01639666
vt 0.103305 -0.01554625
vt -0.1627861 -0.008633947
vt -0.1621032 -0.009969485
vt -0.1606051 -0.01004584
vt -0.15979 -0.008786675
vt -0.1604729 -0.007451137
vt -0.1619709 -0.007374776
vt -0.0142345 0.08677629
vt -0.01308356 0.08581433
vt -0.01300445 0.08782698
vt -0.01416834 0.08877321
vt -0.1601732 0.02386568
vt -0.1586743 0.02381092
vt -0.1594728 0.0257324
vt -0.1609725 0.02571437
vt -0.1364321 0.0302564
vt -0.135184 0.03108822
vt -0.1360487 0.03303691
vt -0.1372672 0.03216229
vt 0.01485962 0.08399983
vt 0.01601427 0.08495731
vt 0.01586368 0.08706721
vt 0.01469611 0.08612553
vt 0.1586543 0.02543265
vt 0.1601532 0.02548769
vt 0.160952 0.02737333
vt 0.1594522 0.02739154
vt 0.1376177 0.03407653
vt 0.1388631 0.03324071
vt 0.1396553 0.03507487
vt 0.138439 0.0359525
vt -0.1606969 -0.01758686
vt -0.1599291 -0.01887548
vt -0.1584293 -0.01885488
vt -0.1576972 -0.01754568
vt -0.1584649 -0.01625706
vt -0.1599648 -0.01627765
vt -0.03626398 0.06364547
vt -0.03505575 0.06275656
vt -0.03475843 0.06479942
vt -0.03598777 0.0656589
vt -0.1597176 0.02959971
vt -0.1582178 0.02960666
vt -0.1585908 0.03174182
vt -0.1600864 0.03163071
vt -0.127154 0.01560441
vt -0.1259302 0.01647163
vt -0.126681 0.01858122
vt -0.1278599 0.01765384
vt 0.03381738 0.064375
vt 0.03502385 0.0652663
vt 0.03462977 0.06743731
vt 0.03340211 0.06657543
vt 0.1582781 0.03102297
vt 0.1597779 0.03101611
vt 0.1601485 0.03308578
vt 0.1586529 0.03319727
vt 0.1281593 0.0195102
vt 0.1293831 0.01864307
vt 0.1300031 0.02057844
vt 0.1288237 0.02150515
vt -0.155309 -0.0290452
vt -0.1544349 -0.03026419
vt -0.1529422 -0.03011668
vt -0.1523236 -0.02875019
vt -0.1531977 -0.0275312
vt -0.1546904 -0.02767871
vt 0.00725239 0.1102121
vt 0.008378843 0.1092217
vt 0.008321738 0.11125
vt 0.007161555 0.1122008
vt -0.1577447 0.02858992
vt -0.1562482 0.02868557
vt -0.1573572 0.03049609
vt -0.1588434 0.03029554
vt -0.1505741 0.03709249
vt -0.1494258 0.03805734
vt -0.1505058 0.0399507
vt -0.1516162 0.03894255
vt -0.005110878 0.106643
vt -0.003974974 0.1076227
vt -0.003990964 0.1097617
vt -0.005160354 0.1088223
vt 0.1564202 0.03036853
vt 0.1579167 0.03027295
vt 0.1590172 0.03199528
vt 0.1575311 0.03219618
vt 0.1531098 0.04009782
vt 0.1542466 0.03911947
vt 0.1552183 0.04085668
vt 0.1541181 0.04187589
vt -0.1480803 -0.04022281
vt -0.1471027 -0.04136045
vt -0.1456287 -0.04108259
vt -0.1451323 -0.03966711
vt -0.1461099 -0.03852948
vt -0.1475839 -0.03880734
vt 0.1242825 0.1067265
vt 0.1247163 0.1052906
vt 0.1255904 0.1073047
vt 0.1251421 0.1087361
vt -0.1557208 0.02390419
vt -0.1542333 0.02409614
vt -0.1561389 0.02524511
vt -0.1576196 0.02500634
vt -0.1653603 0.02311572
vt -0.1644099 0.02427604
vt -0.1661891 0.02564592
vt -0.1671237 0.02447288
vt -0.11285 0.1126117
vt -0.112313 0.1140123
vt -0.1130933 0.1161064
vt -0.1136453 0.1147117
vt 0.1545629 0.02635257
vt 0.1560504 0.02616076
vt 0.1579514 0.02727727
vt 0.1564707 0.0275163
vt 0.166419 0.02277439
vt 0.1673493 0.02159785
vt 0.1691041 0.02290078
vt 0.1681888 0.02408901
vt -0.1452196 -0.04448615
vt -0.144196 -0.0455826
vt -0.1427346 -0.04524435
vt -0.1422968 -0.04380965
vt -0.1433204 -0.04271319
vt -0.1447818 -0.04305144
vt 0.0645123 0.1344268
vt 0.06543265 0.1332423
vt 0.06556612 0.135268
vt 0.06464659 0.1364531
vt -0.1568678 0.02865731
vt -0.1553869 0.0288954
vt -0.1569299 0.03024555
vt -0.1584064 0.02998151
vt -0.1655733 0.03189353
vt -0.1645855 0.03302225
vt -0.1659996 0.03453634
vt -0.1669711 0.03339353
vt -0.06030488 0.1325969
vt -0.05936063 0.1337624
vt -0.05950199 0.1358301
vt -0.06044542 0.1346639
vt 0.1558084 0.03130179
vt 0.1572893 0.03106352
vt 0.1588329 0.03241512
vt 0.1573564 0.03267965
vt 0.1664321 0.03368053
vt 0.1674143 0.03254697
vt 0.1688042 0.03402745
vt 0.1678381 0.03517476
vt -0.1443581 -0.04497828
vt -0.1433142 -0.04605546
vt -0.1418594 -0.04569001
vt -0.1414485 -0.0442474
vt -0.1424924 -0.04317022
vt -0.1439472 -0.04353567
vt -0.01645676 0.09614758
vt -0.01522437 0.09529246
vt -0.0149152 0.09742568
vt -0.01612748 0.09830905
vt -0.1607006 0.04160665
vt -0.1592264 0.04188397
vt -0.1599326 0.04391749
vt -0.1614072 0.04364303
vt -0.144438 0.0306174
vt -0.1433547 0.03165492
vt -0.1443308 0.03360488
vt -0.1453935 0.0325463
vt 0.01491768 0.09567349
vt 0.01614971 0.0965291
vt 0.01580318 0.09871342
vt 0.01459126 0.09782955
vt 0.1595772 0.04341757
vt 0.1610511 0.04313895
vt 0.1617706 0.04523336
vt 0.1602961 0.04550911
vt 0.1435857 0.0319423
vt 0.1446693 0.03090512
vt 0.145649 0.03285969
vt 0.1445861 0.03391799
vt -0.1459247 -0.04095455
vt -0.1448893 -0.04203983
vt -0.1434317 -0.04168575
vt -0.1430095 -0.04024639
vt -0.1440449 -0.0391611
vt -0.1455025 -0.03951518
vt -0.01062356 0.1043577
vt -0.009424171 0.103457
vt -0.009370291 0.105559
vt -0.01055613 0.1064776
vt -0.1603245 0.03987148
vt -0.1588485 0.0401384
vt -0.1597272 0.04205324
vt -0.1612025 0.04178221
vt -0.1542199 0.03807745
vt -0.1531706 0.03914932
vt -0.1541223 0.04105378
vt -0.1551546 0.03996554
vt 0.009195573 0.1037074
vt 0.01039462 0.1046087
vt 0.01030676 0.1067542
vt 0.009121273 0.1058352
vt 0.1592412 0.04206752
vt 0.1607171 0.04179977
vt 0.1616036 0.04375104
vt 0.1601285 0.04402294
vt 0.1538784 0.03993044
vt 0.1549283 0.03885912
vt 0.1558729 0.04075808
vt 0.15484 0.04184582
vt -0.14685 -0.0381483
vt -0.1458158 -0.03923478
vt -0.1443578 -0.03888238
vt -0.143934 -0.03744351
vt -0.1449682 -0.03635702
vt -0.1464262 -0.03670942
vt 0.0149357 -0.06808563
vt 0.02648536 -0.07707232
vt 0.03002883 -0.07270069
vt 0.01717332 -0.06584145
vt 0.02219168 -0.07675376
vt 0.02880612 -0.07472024
vt 0.01986206 -0.06471575
vt 0.01703038 -0.07478043
vt 0.02499755 -0.07557343
vt 0.02233428 -0.0650126
vt 0.01235634 -0.07169865
vt 0.01960223 -0.07510478
vt 0.0239865 -0.06663211
vt 0.009439941 -0.06822988
vt 0.01405467 -0.07338646
vt 0.02438715 -0.06912111
vt 0.009107905 -0.06516555
vt 0.009843444 -0.07074466
vt 0.02337556 -0.07181476
vt 0.0114874 -0.0632809
vt 0.008115428 -0.06778614
vt 0.02115216 -0.0740094
vt 0.01593566 -0.0631904
vt 0.009359399 -0.06534418
vt 0.01830152 -0.07513064
vt 0.02120515 -0.06508647
vt 0.01324386 -0.06423648
vt 0.01565375 -0.07487802
vt 0.02583168 -0.06850053
vt 0.01869345 -0.06487419
vt 0.01398822 -0.07330795
vt 0.02859265 -0.07237741
vt 0.02421869 -0.06701509
vt 0.01374891 -0.07082427
vt 0.0288176 -0.07551853
vt 0.02835439 -0.06991025
vt 0.02073417 -0.06790046
vt 0.0170371 -0.072143
vt 0.02701412 -0.08049744
vt 0.03396234 -0.0725241
vt 0.02461371 -0.06434053
vt 0.01797158 -0.06628171
vt 0.02230006 -0.07610781
vt 0.03478318 -0.07245961
vt 0.02659604 -0.06252157
vt 0.01862501 -0.06176836
vt 0.01615996 -0.07083407
vt 0.03114059 -0.07224964
vt 0.02642104 -0.06303953
vt 0.01910071 -0.05979646
vt 0.01037763 -0.06605713
vt 0.02413534 -0.07215212
vt 0.02451013 -0.06544247
vt 0.01969539 -0.06047213
vt 0.006842027 -0.06250401
vt 0.01589077 -0.0718452
vt 0.02150653 -0.06865119
vt 0.0204788 -0.06311845
vt 0.006736593 -0.06037727
vt 0.0086681 -0.0707754
vt 0.01792174 -0.07149289
vt 0.02105508 -0.06681854
vt 0.01010538 -0.05978708
vt 0.00421661 -0.06857198
vt 0.01422506 -0.07334828
vt 0.02073652 -0.07100585
vt 0.01581714 -0.06146185
vt 0.003579612 -0.06586416
vt 0.01128413 -0.07433261
vt 0.01923457 -0.07527868
vt 0.02191852 -0.06627536
vt 0.006976568 -0.06449731
vt 0.01034865 -0.07465947
vt 0.01729877 -0.07863446
vt 0.0266166 -0.07329907
vt 0.01355464 -0.06582855
vt 0.01211065 -0.07395917
vt 0.01613005 -0.07959215
vt 0.0291427 -0.07950045
vt 0.0215887 -0.06891391
vt 0.01604241 -0.07160994
vt 0.01619039 -0.07723536
vt 0.02933321 -0.08209628
vt 0.0290551 -0.07152393
vt 0.02067928 -0.06393572
vt 0.01342808 -0.07163457
vt 0.02086113 -0.07837419
vt 0.03063063 -0.06800156
vt 0.0290868 -0.05523286
vt 0.01656643 -0.05875111
vt 0.01982603 -0.06651462
vt 0.03669468 -0.06177449
vt 0.03322925 -0.05162926
vt 0.01824459 -0.05025697
vt 0.01638716 -0.05750673
vt 0.03657595 -0.05935562
vt 0.0329215 -0.05364134
vt 0.01907491 -0.04775105
vt 0.01246731 -0.05296993
vt 0.03112276 -0.06090588
vt 0.02968262 -0.05960291
vt 0.02028892 -0.05060868
vt 0.01049814 -0.05280266
vt 0.02315424 -0.06492054
vt 0.02508501 -0.06700875
vt 0.02241913 -0.05677424
vt 0.0117375 -0.05556451
vt 0.01532922 -0.06935342
vt 0.01945805 -0.07267484
vt 0.0244995 -0.06337775
vt 0.01559019 -0.0587629
vt 0.008797867 -0.07128883
vt 0.01196382 -0.07515195
vt 0.02389526 -0.06997716
vt 0.01961833 -0.06272425
vt 0.003543148 -0.06969621
vt 0.003441283 -0.07589857
vt 0.01832554 -0.07810813
vt 0.02058617 -0.07097379
vt 0.0005326592 -0.06799687
vt -0.0009298118 -0.07681854
vt 0.01123709 -0.08567233
vt 0.01884923 -0.08207341
vt 0.002456812 -0.07014471
vt 0.002030287 -0.07710431
vt 0.008266022 -0.08851717
vt 0.01826199 -0.08938517
vt 0.009860608 -0.07400866
vt 0.01043719 -0.07296595
vt 0.009842201 -0.08352521
vt 0.01964075 -0.08794663
vt 0.02044239 -0.07372018
vt 0.003825261 -0.0444079
vt -0.006307745 -0.05442572
vt -0.001773766 -0.05886792
vt 0.009749064 -0.04747606
vt 0.02569357 -0.02188664
vt 0.008859052 -0.02674658
vt 0.01094766 -0.0319904
vt 0.03009117 -0.02646389
vt 0.04036263 -0.01718472
vt 0.02018458 -0.01522212
vt 0.01904986 -0.02035606
vt 0.04199549 -0.02258785
vt 0.04624433 -0.02517034
vt 0.02771739 -0.01693885
vt 0.02363485 -0.02083666
vt 0.04470292 -0.03019717
vt 0.04687312 -0.04007045
vt 0.0339947 -0.0281891
vt 0.0280134 -0.03031372
vt 0.04265818 -0.0438247
vt 0.04594321 -0.05820687
vt 0.04073142 -0.04494521
vt 0.03407271 -0.04535347
vt 0.03999934 -0.06043408
vt 0.04373195 -0.07044175
vt 0.04701409 -0.05657588
vt 0.04081481 -0.05521245
vt 0.03708249 -0.07098012
vt 0.03214925 -0.07568023
vt 0.04550528 -0.06433843
vt 0.04144827 -0.06041407
vt 0.02626035 -0.07331148
vt -0.01500493 -0.07869001
vt 0.004239046 -0.08506767
vt 0.006481364 -0.08031194
vt -0.01540208 -0.07305954
vt -0.04060269 -0.07200828
vt -0.03076497 -0.08973466
vt -0.02515858 -0.08908014
vt -0.03634562 -0.06892245
vt -0.0352686 -0.07691299
vt -0.03224548 -0.09417222
vt -0.02620241 -0.09611423
vt -0.02964018 -0.07648775
vt -0.01862675 -0.07008417
vt -0.02170575 -0.08399655
vt -0.01595323 -0.08737494
vt -0.01245192 -0.07155438
vt -0.06970501 0.01350392
vt -0.07849006 -0.000111257
vt -0.07508276 -0.002309766
vt -0.06629772 0.0113054
vt -0.01507439 0.06767444
vt -0.03221003 0.05750654
vt -0.03014076 0.05401925
vt -0.01300512 0.06418715
vt 0.05610708 0.05593261
vt 0.03350521 0.06047558
vt 0.03270614 0.05650009
vt 0.055308 0.05195712
vt 0.08324263 0.01527926
vt 0.06577206 0.03032127
vt 0.06312629 0.02724833
vt 0.08059686 0.01220632
vt 0.08873226 -0.01406782
vt 0.07764329 0.002486668
vt 0.07427429 0.0002299462
vt 0.08536325 -0.01632454
vt 0.09094217 -0.03308814
vt 0.08356232 -0.01866289
vt 0.07995231 -0.02050975
vt 0.08733217 -0.03493499
vt 0.08818467 -0.01513615
vt 0.07939962 -0.001520981
vt 0.07599233 -0.003719498
vt 0.08477739 -0.01733466
vt 0.05722053 0.04266589
vt 0.04008489 0.05283378
vt 0.03801562 0.04934649
vt 0.05515125 0.0391786
vt -0.02118389 0.06295211
vt -0.04378576 0.05840914
vt -0.04298668 0.05443365
vt -0.02038483 0.05897661
vt -0.07529601 0.0221212
vt -0.09276658 0.007079205
vt -0.09012081 0.004006268
vt -0.07265024 0.01904826
vt -0.09382834 -0.02167557
vt -0.1049173 -0.03823007
vt -0.1015483 -0.04048678
vt -0.09045932 -0.02393229
vt -0.09170634 -0.03458175
vt -0.0990862 -0.04900698
vt -0.09547618 -0.05085384
vt -0.08809634 -0.0364286
vt -0.1080578 -0.05275403
vt -0.1043255 -0.06852171
vt -0.09812625 -0.06715827
vt -0.1014084 -0.05329242
vt -0.09438521 -0.07782317
vt -0.07919729 -0.09072058
vt -0.07514028 -0.08679622
vt -0.08849631 -0.07545441
vt -0.006624877 -0.119829
vt 0.01525857 -0.1125766
vt 0.01301625 -0.1078208
vt -0.00622773 -0.1141985
vt 0.06401597 -0.09627167
vt 0.07520302 -0.07611398
vt 0.06959663 -0.07545947
vt 0.0597589 -0.09318584
vt 0.07804268 -0.07566962
vt 0.08148044 -0.05604317
vt 0.07543737 -0.05798517
vt 0.07241426 -0.07524438
vt 0.0754254 -0.05589913
vt 0.07192408 -0.04007855
vt 0.06617157 -0.04345695
vt 0.06925057 -0.05736933
vt 0.06009576 -0.02530887
vt 0.04857292 -0.01391702
vt 0.04403895 -0.01835921
vt 0.05417196 -0.02837704
vt 0.03017801 0.0056138
vt 0.01103451 0.01114031
vt 0.008945901 0.005896486
vt 0.02578042 0.001036558
vt -0.01016812 0.01815017
vt -0.03311374 0.01591838
vt -0.03197902 0.01078444
vt -0.01180097 0.01274704
vt -0.05033203 0.008298826
vt -0.0714001 -0.001061682
vt -0.06731757 -0.004959498
vt -0.04879063 0.003272001
vt -0.08162136 -0.0150959
vt -0.09626616 -0.02860688
vt -0.09028485 -0.03073151
vt -0.07740644 -0.01885015
vt -0.1009867 -0.03826891
vt -0.1069133 -0.05334951
vt -0.1002546 -0.05375778
vt -0.0950428 -0.04049612
vt -0.08176921 -0.07676167
vt -0.07497689 -0.08928759
vt -0.06606758 -0.08467275
vt -0.07110903 -0.07537566
vt -0.06358504 -0.09982395
vt -0.04750986 -0.1067959
vt -0.04323294 -0.09954301
vt -0.05516437 -0.09436822
vt -0.0253086 -0.1144267
vt -0.005255089 -0.1114498
vt -0.007515712 -0.1043154
vt -0.02239997 -0.106525
vt 0.01496933 -0.1097638
vt 0.03136175 -0.09783515
vt 0.02374962 -0.09423622
vt 0.01158271 -0.10309
vt 0.03922133 -0.09164993
vt 0.0476227 -0.07627343
vt 0.03762674 -0.07714142
vt 0.03139101 -0.08855428
vt 0.0461249 -0.06849153
vt 0.04532328 -0.05426508
vt 0.03552472 -0.0586865
vt 0.03611971 -0.06924577
vt 0.03851522 -0.04405117
vt 0.02874571 -0.03367854
vt 0.02131266 -0.04041816
vt 0.02856386 -0.04811701
vt 0.01873508 -0.02382385
vt 0.001866435 -0.01908373
vt -0.001393166 -0.02684723
vt 0.0111272 -0.03036547
vt -0.009238 -0.0143866
vt -0.02942678 -0.01623549
vt -0.02756936 -0.02348525
vt -0.0125847 -0.02211296
vt -0.03919103 -0.01838236
vt -0.05784648 -0.02631832
vt -0.05123888 -0.0315372
vt -0.0373923 -0.02564691
vt -0.06460819 -0.03326897
vt -0.07726429 -0.04538686
vt -0.06747352 -0.04758083
vt -0.05807982 -0.03858661
vt -0.08030155 -0.05395412
vt -0.08389326 -0.06774303
vt -0.07321164 -0.0665333
vt -0.07054577 -0.0562988
vt -0.05935929 -0.07875267
vt -0.05347053 -0.08753757
vt -0.04252081 -0.08050612
vt -0.04565416 -0.07583177
vt -0.0473697 -0.09309478
vt -0.03513217 -0.09749711
vt -0.03021279 -0.08795311
vt -0.03672425 -0.08561067
vt -0.02607565 -0.1007614
vt -0.01113369 -0.09898333
vt -0.01381764 -0.08997999
vt -0.02176809 -0.09092607
vt -0.00273861 -0.09852622
vt 0.01032335 -0.09105571
vt 0.001005521 -0.08572032
vt -0.0059446 -0.08969529
vt 0.01480671 -0.08754145
vt 0.02236069 -0.07695491
vt 0.00934804 -0.07686321
vt 0.005328646 -0.08249618
vt 0.02242848 -0.07178275
vt 0.02270659 -0.06121039
vt 0.009563765 -0.06607129
vt 0.009415789 -0.07169674
vt 0.01945918 -0.05547995
vt 0.01251095 -0.04750661
vt 0.002533945 -0.05586106
vt 0.006231014 -0.06010358
vt 0.007265652 -0.04261042
vt -0.00521746 -0.03896222
vt -0.009545943 -0.04878833
vt -0.002903816 -0.0507295
vt -0.01116863 -0.03645888
vt -0.02614926 -0.03787444
vt -0.02368421 -0.04694015
vt -0.01571318 -0.04618695
vt -0.03154941 -0.03851946
vt -0.04530712 -0.04461445
vt -0.03658403 -0.05087512
vt -0.02926371 -0.04763205
vt -0.04910011 -0.0479967
vt -0.05814887 -0.0573379
vt -0.04529549 -0.05936978
vt -0.04048076 -0.05439943
vt -0.05947501 -0.06245159
vt -0.06140651 -0.07284972
vt -0.0476643 -0.07010853
vt -0.04663657 -0.06457581
vt -0.03773595 -0.07516996
vt -0.03436398 -0.0796752
vt -0.02247583 -0.07114134
vt -0.03251505 -0.08136202
vt -0.02593878 -0.08351581
vt -0.02072229 -0.07269681
vt -0.02352874 -0.08443672
vt -0.01556745 -0.08358674
vt -0.01847108 -0.07354257
vt -0.01333739 -0.08345796
vt -0.006199169 -0.07983162
vt -0.0163771 -0.07345413
vt -0.004828027 -0.0787278
vt -0.0004540717 -0.07336548
vt -0.01505849 -0.07243494
vt -0.0002634721 -0.0716458
vt 0.0001997481 -0.06603751
vt -0.01486894 -0.07073177
vt -0.0007156219 -0.06417824
vt -0.004259099 -0.05980662
vt -0.01580875 -0.0687933
vt -0.005946384 -0.05828284
vt -0.01256082 -0.05624933
vt -0.01757918 -0.06716163
vt -0.01456838 -0.05544732
vt -0.02253555 -0.05624031
vt -0.01970387 -0.066305
vt -0.0243869 -0.05636578
vt -0.03163279 -0.05977191
vt -0.02165485 -0.06645795
vt -0.03288911 -0.06079881
vt -0.03750384 -0.06595539
vt -0.02295729 -0.06755316
vt -0.03781664 -0.06764443
vt -0.03855218 -0.07322353
vt -0.02327294 -0.06926798
o group136233506
g mesh136233506
usemtl mat9
f 3/3/1 2/2/1 1/1/1
f 2/6/2 4/5/2 1/4/2
f 4/9/3 5/8/3 1/7/3
f 5/12/4 6/11/4 1/10/4
f 6/15/5 7/14/5 1/13/5
f 7/18/6 8/17/6 1/16/6
f 8/21/7 9/20/7 1/19/7
f 9/24/8 10/23/8 1/22/8
f 10/27/9 11/26/9 1/25/9
f 11/30/10 12/29/10 1/28/10
f 12/33/11 13/32/11 1/31/11
f 13/36/12 3/35/12 1/34/12
f 15/40/13 14/39/13 2/38/13 3/37/13
f 14/43/14 16/42/14 4/41/14
f 16/47/15 17/46/15 5/45/15 4/44/15
f 17/51/16 18/50/16 6/49/16 5/48/16
f 18/54/17 7/53/17 6/52/17
f 19/57/18 8/56/18 7/55/18
f 20/60/19 9/59/19 8/58/19
f 21/63/20 10/62/20 9/61/20
f 22/66/21 11/65/21 10/64/21
f 23/69/22 12/68/22 11/67/22
f 23/72/23 24/71/23 13/70/23
f 24/75/24 15/74/24 13/73/24
f 26/78/25 25/77/25 15/76/25
f 25/81/26 27/80/26 16/79/26
f 27/84/27 17/83/27 16/82/27
f 28/87/28 18/86/28 17/85/28
f 29/90/29 19/89/29 18/88/29
f 29/93/30 30/92/30 19/91/30
f 30/96/31 31/95/31 20/94/31
f 31/99/32 32/98/32 21/97/32
f 32/102/33 22/101/33 21/100/33
f 33/105/34 23/104/34 22/103/34
f 34/108/35 24/107/35 23/106/35
f 26/111/36 15/110/36 24/109/36
f 35/114/37 25/113/37 26/112/37
f 36/117/38 27/116/38 25/115/38
f 36/120/39 37/119/39 27/118/39
f 37/124/40 39/123/40 28/122/40 38/121/40
f 39/127/41 40/126/41 29/125/41
f 40/130/42 30/129/42 29/128/42
f 42/133/43 41/132/43 30/131/43
f 43/136/44 32/135/44 31/134/44
f 43/139/45 44/138/45 32/137/45
f 44/142/46 33/141/46 45/140/46
f 47/145/47 46/144/47 34/143/47
f 46/148/48 35/147/48 26/146/48
f 49/151/49 48/150/49 35/149/49
f 48/154/50 50/153/50 36/152/50
f 50/157/51 37/156/51 36/155/51
f 52/160/52 51/159/52 37/158/52
f 53/163/53 40/162/53 39/161/53
f 53/166/54 54/165/54 40/164/54
f 54/170/55 55/169/55 41/168/55 42/167/55
f 55/174/56 56/173/56 43/172/56 41/171/56
f 56/177/57 57/176/57 43/175/57
f 57/180/58 58/179/58 44/178/58
f 58/183/59 59/182/59 46/181/59
f 59/186/60 49/185/60 35/184/60
f 61/189/61 60/188/61 49/187/61
f 60/192/62 62/191/62 48/190/62
f 62/195/63 63/194/63 50/193/63
f 63/199/64 64/198/64 51/197/64 52/196/64
f 64/202/65 65/201/65 53/200/65
f 65/205/66 66/204/66 53/203/66
f 66/208/67 67/207/67 54/206/67
f 67/211/68 68/210/68 56/209/68
f 68/214/69 69/213/69 57/212/69
f 69/217/70 70/216/70 57/215/70
f 71/220/71 59/219/71 58/218/71
f 71/223/72 61/222/72 49/221/72
f 73/227/73 72/226/73 60/225/73 61/224/73
f 72/231/74 74/230/74 62/229/74 60/228/74
f 74/234/75 75/233/75 62/232/75
f 75/237/76 76/236/76 63/235/76
f 76/240/77 77/239/77 65/238/77
f 77/244/78 78/243/78 66/242/78 65/241/78
f 78/248/79 79/247/79 67/246/79 66/245/79
f 79/252/80 80/251/80 68/250/80 67/249/80
f 80/255/81 81/254/81 68/253/81
f 81/258/82 82/257/82 69/256/82
f 82/261/83 83/260/83 70/259/83
f 83/264/84 73/263/84 61/262/84
f 85/268/85 84/267/85 72/266/85 73/265/85
f 84/272/86 86/271/86 74/270/86 72/269/86
f 86/276/87 87/275/87 75/274/87 74/273/87
f 87/280/88 88/279/88 76/278/88 75/277/88
f 88/284/89 89/283/89 77/282/89 76/281/89
f 89/288/90 90/287/90 78/286/90 77/285/90
f 90/292/91 91/291/91 79/290/91 78/289/91
f 91/296/92 92/295/92 80/294/92 79/293/92
f 92/300/93 93/299/93 81/298/93 80/297/93
f 93/304/94 94/303/94 82/302/94 81/301/94
f 94/308/95 95/307/95 83/306/95 82/305/95
f 95/312/96 85/311/96 73/310/96 83/309/96
f 96/315/97 84/314/97 85/313/97
f 96/318/98 86/317/98 84/316/98
f 96/321/99 87/320/99 86/319/99
f 96/324/100 88/323/100 87/322/100
f 96/327/101 89/326/101 88/325/101
f 96/330/102 90/329/102 89/328/102
f 96/333/103 91/332/103 90/331/103
f 96/336/104 92/335/104 91/334/104
f 96/339/105 93/338/105 92/337/105
f 96/342/106 94/341/106 93/340/106
f 96/345/107 95/344/107 94/343/107
f 96/348/108 85/347/108 95/346/108
f 32/351/109 45/350/109 22/349/109
f 22/354/110 45/353/110 33/352/110
f 44/357/111 45/356/111 32/355/111
f 23/360/112 33/359/112 34/358/112
f 34/363/113 33/362/113 47/361/113
f 58/366/114 47/365/114 44/364/114
f 46/369/115 47/368/115 58/367/115
f 57/372/116 44/371/116 43/370/116
f 40/375/117 42/374/117 30/373/117
f 54/378/118 42/377/118 40/376/118
f 31/381/119 41/380/119 43/379/119
f 67/384/120 55/383/120 54/382/120
f 56/387/121 55/386/121 67/385/121
f 66/390/122 54/389/122 53/388/122
f 20/393/123 97/392/123 9/391/123
f 9/396/124 97/395/124 21/394/124
f 31/399/125 97/398/125 20/397/125
f 10/402/126 21/401/126 22/400/126
f 41/405/127 31/404/127 30/403/127
f 57/408/128 56/407/128 68/406/128
f 50/411/129 52/410/129 37/409/129
f 63/414/130 52/413/130 50/412/130
f 39/417/131 51/416/131 53/415/131
f 53/420/132 51/419/132 64/418/132
f 76/423/133 64/422/133 63/421/133
f 65/426/134 64/425/134 76/424/134
f 75/429/135 63/428/135 62/427/135
f 27/432/136 38/431/136 17/430/136
f 17/435/137 38/434/137 28/433/137
f 37/438/138 38/437/138 27/436/138
f 18/441/139 28/440/139 29/439/139
f 29/444/140 28/443/140 39/442/140
f 51/447/141 39/446/141 37/445/141
f 35/450/142 98/449/142 25/448/142
f 25/453/143 98/452/143 36/451/143
f 48/456/144 98/455/144 35/454/144
f 62/459/145 50/458/145 48/457/145
f 60/462/146 48/461/146 49/460/146
f 24/465/147 34/464/147 26/463/147
f 26/468/148 34/467/148 46/466/148
f 35/471/149 46/470/149 59/469/149
f 44/474/150 47/473/150 33/472/150
f 70/477/151 58/476/151 57/475/151
f 49/480/152 59/479/152 71/478/152
f 83/483/153 71/482/153 70/481/153
f 61/486/154 71/485/154 83/484/154
f 82/489/155 70/488/155 69/487/155
f 58/492/156 70/491/156 71/490/156
f 81/495/157 69/494/157 68/493/157
f 13/498/158 12/497/158 23/496/158
f 15/501/159 3/500/159 13/499/159
f 4/504/160 2/503/160 14/502/160
f 25/507/161 14/506/161 15/505/161
f 16/510/162 14/509/162 25/508/162
f 21/513/163 97/512/163 31/511/163
f 19/516/164 20/515/164 8/514/164
f 30/519/165 20/518/165 19/517/165
f 18/522/166 19/521/166 7/520/166
f 11/525/167 22/524/167 23/523/167
f 36/528/168 98/527/168 48/526/168
o group2079528281
g mesh2079528281
usemtl mat19
f 102/532/169 101/531/169 100/530/169 99/529/169
f 101/536/170 104/535/170 103/534/170 100/533/170
f 104/540/171 106/539/171 105/538/171 103/537/171
f 106/544/172 108/543/172 107/542/172 105/541/172
f 108/548/173 110/547/173 109/546/173 107/545/173
f 110/552/174 112/551/174 111/550/174 109/549/174
f 112/556/175 114/555/175 113/554/175 111/553/175
f 114/560/176 116/559/176 115/558/176 113/557/176
f 116/564/177 118/563/177 117/562/177 115/561/177
f 118/568/178 120/567/178 119/566/178 117/565/178
f 120/572/179 122/571/179 121/570/179 119/569/179
f 122/576/180 102/575/180 99/574/180 121/573/180
f 123/579/181 119/578/181 121/577/181
f 122/591/182 120/590/182 118/589/182 116/588/182 114/587/182 112/586/182 110/585/182 108/584/182 106/583/182 104/582/182 101/581/182 102/580/182
f 124/594/183 117/593/183 119/592/183
f 125/597/184 115/596/184 117/595/184
f 126/600/185 113/599/185 115/598/185
f 127/603/186 111/602/186 113/601/186
f 128/606/187 109/605/187 111/604/187
f 129/609/188 107/608/188 109/607/188
f 130/612/189 105/611/189 107/610/189
f 131/615/190 103/614/190 105/613/190
f 132/618/191 100/617/191 103/616/191
f 133/621/192 99/620/192 100/619/192
f 133/624/193 121/623/193 99/622/193
f 136/628/194 135/627/194 123/626/194 134/625/194
f 121/631/195 134/630/195 123/629/195
f 133/634/196 134/633/196 121/632/196
f 119/637/197 123/636/197 124/635/197
f 117/640/198 124/639/198 125/638/198
f 115/643/199 125/642/199 126/641/199
f 113/646/200 126/645/200 127/644/200
f 111/649/201 127/648/201 128/647/201
f 109/652/202 128/651/202 129/650/202
f 107/655/203 129/654/203 130/653/203
f 105/658/204 130/657/204 131/656/204
f 103/661/205 131/660/205 132/659/205
f 100/664/206 132/663/206 133/662/206
f 135/668/207 137/667/207 124/666/207 123/665/207
f 137/672/208 138/671/208 125/670/208 124/669/208
f 138/676/209 139/675/209 126/674/209 125/673/209
f 139/680/210 140/679/210 127/678/210 126/677/210
f 140/684/211 141/683/211 128/682/211 127/681/211
f 142/687/212 129/686/212 128/685/212
f 142/691/213 143/690/213 130/689/213 129/688/213
f 143/695/214 144/694/214 131/693/214 130/692/214
f 144/699/215 145/698/215 132/697/215 131/696/215
f 145/703/216 146/702/216 133/701/216 132/700/216
f 146/707/217 136/706/217 134/705/217 133/704/217
f 147/710/218 135/709/218 136/708/218
f 128/713/219 141/712/219 142/711/219
f 148/716/220 137/715/220 135/714/220
f 149/719/221 138/718/221 137/717/221
f 150/722/222 139/721/222 138/720/222
f 151/725/223 140/724/223 139/723/223
f 152/728/224 141/727/224 140/726/224
f 153/731/225 142/730/225 141/729/225
f 154/734/226 143/733/226 142/732/226
f 155/737/227 144/736/227 143/735/227
f 156/740/228 145/739/228 144/738/228
f 157/743/229 146/742/229 145/741/229
f 157/746/230 136/745/230 146/744/230
f 159/749/231 147/748/231 158/747/231
f 136/752/232 158/751/232 147/750/232
f 157/755/233 158/754/233 136/753/233
f 135/758/234 147/757/234 148/756/234
f 137/761/235 148/760/235 149/759/235
f 138/764/236 149/763/236 150/762/236
f 139/767/237 150/766/237 151/765/237
f 140/770/238 151/769/238 152/768/238
f 141/773/239 152/772/239 153/771/239
f 142/776/240 153/775/240 154/774/240
f 143/779/241 154/778/241 155/777/241
f 144/782/242 155/781/242 156/780/242
f 145/785/243 156/784/243 157/783/243
f 160/788/244 148/787/244 147/786/244
f 161/791/245 149/790/245 148/789/245
f 162/794/246 150/793/246 149/792/246
f 163/797/247 151/796/247 150/795/247
f 164/800/248 152/799/248 151/798/248
f 165/803/249 153/802/249 152/801/249
f 166/806/250 154/805/250 153/804/250
f 167/809/251 155/808/251 154/807/251
f 168/812/252 156/811/252 155/810/252
f 169/815/253 157/814/253 156/813/253
f 169/818/254 158/817/254 157/816/254
f 169/830/255 168/829/255 167/828/255 166/827/255 165/826/255 164/825/255 163/824/255 162/823/255 161/822/255 160/821/255 159/820/255 170/819/255
f 158/833/256 170/832/256 159/831/256
f 169/836/257 170/835/257 158/834/257
f 147/839/258 159/838/258 160/837/258
f 148/842/259 160/841/259 161/840/259
f 149/845/260 161/844/260 162/843/260
f 150/848/261 162/847/261 163/846/261
f 151/851/262 163/850/262 164/849/262
f 152/854/263 164/853/263 165/852/263
f 153/857/264 165/856/264 166/855/264
f 154/860/265 166/859/265 167/858/265
f 155/863/266 167/862/266 168/861/266
f 156/866/267 168/865/267 169/864/267
o group637853614
g mesh637853614
usemtl mat9
f 173/869/268 172/868/268 171/867/268
f 172/872/269 174/871/269 171/870/269
f 174/875/270 175/874/270 171/873/270
f 175/878/271 176/877/271 171/876/271
f 176/881/272 177/880/272 171/879/272
f 177/884/273 178/883/273 171/882/273
f 178/887/274 179/886/274 171/885/274
f 179/890/275 180/889/275 171/888/275
f 180/893/276 181/892/276 171/891/276
f 181/896/277 182/895/277 171/894/277
f 182/899/278 183/898/278 171/897/278
f 183/902/279 173/901/279 171/900/279
f 185/906/280 184/905/280 172/904/280 173/903/280
f 184/909/281 186/908/281 174/907/281
f 186/913/282 187/912/282 175/911/282 174/910/282
f 187/917/283 188/916/283 176/915/283 175/914/283
f 188/920/284 177/919/284 176/918/284
f 189/923/285 178/922/285 177/921/285
f 190/926/286 179/925/286 178/924/286
f 191/929/287 180/928/287 179/927/287
f 192/932/288 181/931/288 180/930/288
f 193/935/289 182/934/289 181/933/289
f 193/938/290 194/937/290 183/936/290
f 194/941/291 185/940/291 183/939/291
f 196/944/292 195/943/292 185/942/292
f 195/947/293 197/946/293 186/945/293
f 197/950/294 187/949/294 186/948/294
f 198/953/295 188/952/295 187/951/295
f 199/956/296 189/955/296 188/954/296
f 199/959/297 200/958/297 189/957/297
f 200/962/298 201/961/298 190/960/298
f 201/965/299 202/964/299 191/963/299
f 202/968/300 192/967/300 191/966/300
f 203/971/301 193/970/301 192/969/301
f 204/974/302 194/973/302 193/972/302
f 196/977/303 185/976/303 194/975/303
f 205/980/304 195/979/304 196/978/304
f 206/983/305 197/982/305 195/981/305
f 206/986/306 207/985/306 197/984/306
f 207/990/307 209/989/307 198/988/307 208/987/307
f 209/993/308 210/992/308 199/991/308
f 210/996/309 200/995/309 199/994/309
f 212/999/310 211/998/310 200/997/310
f 213/1002/311 202/1001/311 201/1000/311
f 213/1005/312 214/1004/312 202/1003/312
f 214/1008/313 203/1007/313 215/1006/313
f 217/1011/314 216/1010/314 204/1009/314
f 216/1014/315 205/1013/315 196/1012/315
f 219/1017/316 218/1016/316 205/1015/316
f 218/1020/317 220/1019/317 206/1018/317
f 220/1023/318 207/1022/318 206/1021/318
f 222/1026/319 221/1025/319 207/1024/319
f 223/1029/320 210/1028/320 209/1027/320
f 223/1032/321 224/1031/321 210/1030/321
f 224/1036/322 225/1035/322 211/1034/322 212/1033/322
f 225/1040/323 226/1039/323 213/1038/323 211/1037/323
f 226/1043/324 227/1042/324 213/1041/324
f 227/1046/325 228/1045/325 214/1044/325
f 228/1049/326 229/1048/326 216/1047/326
f 229/1052/327 219/1051/327 205/1050/327
f 231/1055/328 230/1054/328 219/1053/328
f 230/1058/329 232/1057/329 218/1056/329
f 232/1061/330 233/1060/330 220/1059/330
f 233/1065/331 234/1064/331 221/1063/331 222/1062/331
f 234/1068/332 235/1067/332 223/1066/332
f 235/1071/333 236/1070/333 223/1069/333
f 236/1074/334 237/1073/334 224/1072/334
f 237/1077/335 238/1076/335 226/1075/335
f 238/1080/336 239/1079/336 227/1078/336
f 239/1083/337 240/1082/337 227/1081/337
f 241/1086/338 229/1085/338 228/1084/338
f 241/1089/339 231/1088/339 219/1087/339
f 243/1093/340 242/1092/340 230/1091/340 231/1090/340
f 242/1097/341 244/1096/341 232/1095/341 230/1094/341
f 244/1100/342 245/1099/342 232/1098/342
f 245/1103/343 246/1102/343 233/1101/343
f 246/1106/344 247/1105/344 235/1104/344
f 247/1110/345 248/1109/345 236/1108/345 235/1107/345
f 248/1114/346 249/1113/346 237/1112/346 236/1111/346
f 249/1118/347 250/1117/347 238/1116/347 237/1115/347
f 250/1121/348 251/1120/348 238/1119/348
f 251/1124/349 252/1123/349 239/1122/349
f 252/1127/350 253/1126/350 240/1125/350
f 253/1130/351 243/1129/351 231/1128/351
f 255/1134/352 254/1133/352 242/1132/352 243/1131/352
f 254/1138/353 256/1137/353 244/1136/353 242/1135/353
f 256/1142/354 257/1141/354 245/1140/354 244/1139/354
f 257/1146/355 258/1145/355 246/1144/355 245/1143/355
f 258/1150/356 259/1149/356 247/1148/356 246/1147/356
f 259/1154/357 260/1153/357 248/1152/357 247/1151/357
f 260/1158/358 261/1157/358 249/1156/358 248/1155/358
f 261/1162/359 262/1161/359 250/1160/359 249/1159/359
f 262/1166/360 263/1165/360 251/1164/360 250/1163/360
f 263/1170/361 264/1169/361 252/1168/361 251/1167/361
f 264/1174/362 265/1173/362 253/1172/362 252/1171/362
f 265/1178/363 255/1177/363 243/1176/363 253/1175/363
f 266/1181/364 254/1180/364 255/1179/364
f 266/1184/365 256/1183/365 254/1182/365
f 266/1187/366 257/1186/366 256/1185/366
f 266/1190/367 258/1189/367 257/1188/367
f 266/1193/368 259/1192/368 258/1191/368
f 266/1196/369 260/1195/369 259/1194/369
f 266/1199/370 261/1198/370 260/1197/370
f 266/1202/371 262/1201/371 261/1200/371
f 266/1205/372 263/1204/372 262/1203/372
f 266/1208/373 264/1207/373 263/1206/373
f 266/1211/374 265/1210/374 264/1209/374
f 266/1214/375 255/1213/375 265/1212/375
f 202/1217/376 215/1216/376 192/1215/376
f 192/1220/377 215/1219/377 203/1218/377
f 214/1223/378 215/1222/378 202/1221/378
f 193/1226/379 203/1225/379 204/1224/379
f 204/1229/380 203/1228/380 217/1227/380
f 228/1232/381 217/1231/381 214/1230/381
f 216/1235/382 217/1234/382 228/1233/382
f 227/1238/383 214/1237/383 213/1236/383
f 210/1241/384 212/1240/384 200/1239/384
f 224/1244/385 212/1243/385 210/1242/385
f 201/1247/386 211/1246/386 213/1245/386
f 237/1250/387 225/1249/387 224/1248/387
f 226/1253/388 225/1252/388 237/1251/388
f 236/1256/389 224/1255/389 223/1254/389
f 190/1259/390 267/1258/390 179/1257/390
f 179/1262/391 267/1261/391 191/1260/391
f 201/1265/392 267/1264/392 190/1263/392
f 180/1268/393 191/1267/393 192/1266/393
f 211/1271/394 201/1270/394 200/1269/394
f 227/1274/395 226/1273/395 238/1272/395
f 220/1277/396 222/1276/396 207/1275/396
f 233/1280/397 222/1279/397 220/1278/397
f 209/1283/398 221/1282/398 223/1281/398
f 223/1286/399 221/1285/399 234/1284/399
f 246/1289/400 234/1288/400 233/1287/400
f 235/1292/401 234/1291/401 246/1290/401
f 245/1295/402 233/1294/402 232/1293/402
f 197/1298/403 208/1297/403 187/1296/403
f 187/1301/404 208/1300/404 198/1299/404
f 207/1304/405 208/1303/405 197/1302/405
f 188/1307/406 198/1306/406 199/1305/406
f 199/1310/407 198/1309/407 209/1308/407
f 221/1313/408 209/1312/408 207/1311/408
f 205/1316/409 268/1315/409 195/1314/409
f 195/1319/410 268/1318/410 206/1317/410
f 218/1322/411 268/1321/411 205/1320/411
f 232/1325/412 220/1324/412 218/1323/412
f 230/1328/413 218/1327/413 219/1326/413
f 194/1331/414 204/1330/414 196/1329/414
f 196/1334/415 204/1333/415 216/1332/415
f 205/1337/416 216/1336/416 229/1335/416
f 214/1340/417 217/1339/417 203/1338/417
f 240/1343/418 228/1342/418 227/1341/418
f 219/1346/419 229/1345/419 241/1344/419
f 253/1349/420 241/1348/420 240/1347/420
f 231/1352/421 241/1351/421 253/1350/421
f 252/1355/422 240/1354/422 239/1353/422
f 228/1358/423 240/1357/423 241/1356/423
f 251/1361/424 239/1360/424 238/1359/424
f 183/1364/425 182/1363/425 193/1362/425
f 185/1367/426 173/1366/426 183/1365/426
f 174/1370/427 172/1369/427 184/1368/427
f 195/1373/428 184/1372/428 185/1371/428
f 186/1376/429 184/1375/429 195/1374/429
f 191/1379/430 267/1378/430 201/1377/430
f 189/1382/431 190/1381/431 178/1380/431
f 200/1385/432 190/1384/432 189/1383/432
f 188/1388/433 189/1387/433 177/1386/433
f 181/1391/434 192/1390/434 193/1389/434
f 206/1394/435 268/1393/435 218/1392/435
o group339412937
g mesh339412937
usemtl mat19
f 272/1398/436 271/1397/436 270/1396/436 269/1395/436
f 271/1402/437 274/1401/437 273/1400/437 270/1399/437
f 274/1406/438 276/1405/438 275/1404/438 273/1403/438
f 276/1410/439 278/1409/439 277/1408/439 275/1407/439
f 278/1414/440 280/1413/440 279/1412/440 277/1411/440
f 280/1418/441 282/1417/441 281/1416/441 279/1415/441
f 282/1422/442 284/1421/442 283/1420/442 281/1419/442
f 284/1426/443 286/1425/443 285/1424/443 283/1423/443
f 286/1430/444 288/1429/444 287/1428/444 285/1427/444
f 288/1434/445 290/1433/445 289/1432/445 287/1431/445
f 290/1438/446 292/1437/446 291/1436/446 289/1435/446
f 292/1442/447 272/1441/447 269/1440/447 291/1439/447
f 294/1446/448 293/1445/448 289/1444/448 291/1443/448
f 292/1458/449 290/1457/449 288/1456/449 286/1455/449 284/1454/449 282/1453/449 280/1452/449 278/1451/449 276/1450/449 274/1449/449 271/1448/449 272/1447/449
f 293/1462/450 295/1461/450 287/1460/450 289/1459/450
f 296/1465/451 285/1464/451 287/1463/451
f 296/1469/452 297/1468/452 283/1467/452 285/1466/452
f 297/1473/453 298/1472/453 281/1471/453 283/1470/453
f 298/1477/454 299/1476/454 279/1475/454 281/1474/454
f 299/1481/455 300/1480/455 277/1479/455 279/1478/455
f 300/1485/456 301/1484/456 275/1483/456 277/1482/456
f 301/1489/457 302/1488/457 273/1487/457 275/1486/457
f 302/1493/458 303/1492/458 270/1491/458 273/1490/458
f 303/1497/459 304/1496/459 269/1495/459 270/1494/459
f 304/1501/460 294/1500/460 291/1499/460 269/1498/460
f 306/1505/461 305/1504/461 293/1503/461 294/1502/461
f 287/1508/462 295/1507/462 296/1506/462
f 305/1512/463 307/1511/463 295/1510/463 293/1509/463
f 307/1516/464 308/1515/464 296/1514/464 295/1513/464
f 308/1520/465 309/1519/465 297/1518/465 296/1517/465
f 309/1524/466 310/1523/466 298/1522/466 297/1521/466
f 310/1528/467 311/1527/467 299/1526/467 298/1525/467
f 311/1532/468 312/1531/468 300/1530/468 299/1529/468
f 312/1536/469 313/1535/469 301/1534/469 300/1533/469
f 313/1540/470 314/1539/470 302/1538/470 301/1537/470
f 314/1544/471 315/1543/471 303/1542/471 302/1541/471
f 315/1548/472 316/1547/472 304/1546/472 303/1545/472
f 316/1552/473 306/1551/473 294/1550/473 304/1549/473
f 316/1564/474 315/1563/474 314/1562/474 313/1561/474 312/1560/474 311/1559/474 310/1558/474 309/1557/474 308/1556/474 307/1555/474 305/1554/474 306/1553/474
o group932203000
g mesh932203000
usemtl mat19
f 319/1567/475 318/1566/475 317/1565/475
f 318/1570/476 321/1569/476 320/1568/476
f 321/1573/477 323/1572/477 322/1571/477
f 323/1576/478 325/1575/478 324/1574/478
f 325/1579/479 327/1578/479 326/1577/479
f 327/1582/480 329/1581/480 328/1580/480
f 329/1585/481 331/1584/481 330/1583/481
f 331/1588/482 333/1587/482 332/1586/482
f 333/1591/483 335/1590/483 334/1589/483
f 335/1594/484 337/1593/484 336/1592/484
f 337/1597/485 339/1596/485 338/1595/485
f 339/1600/486 319/1599/486 317/1598/486
f 317/1612/487 320/1611/487 322/1610/487 324/1609/487 326/1608/487 328/1607/487 330/1606/487 332/1605/487 334/1604/487 336/1603/487 338/1602/487 340/1601/487
f 339/1624/488 337/1623/488 335/1622/488 333/1621/488 331/1620/488 329/1619/488 327/1618/488 325/1617/488 323/1616/488 321/1615/488 318/1614/488 319/1613/488
f 339/1627/489 340/1626/489 338/1625/489
f 317/1630/490 340/1629/490 339/1628/490
f 337/1633/491 338/1632/491 336/1631/491
f 335/1636/492 336/1635/492 334/1634/492
f 333/1639/493 334/1638/493 332/1637/493
f 331/1642/494 332/1641/494 330/1640/494
f 329/1645/495 330/1644/495 328/1643/495
f 327/1648/496 328/1647/496 326/1646/496
f 325/1651/497 326/1650/497 324/1649/497
f 323/1654/498 324/1653/498 322/1652/498
f 321/1657/499 322/1656/499 320/1655/499
f 318/1660/500 320/1659/500 317/1658/500
o group55681193
g mesh55681193
usemtl mat10
f 547/2611/721 546/2610/721 545/2609/721
f 546/2614/722 548/2613/722 545/2612/722
f 548/2617/723 549/2616/723 545/2615/723
f 549/2620/724 550/2619/724 545/2618/724
f 550/2623/725 551/2622/725 545/2621/725
f 551/2626/726 552/2625/726 545/2624/726
f 552/2629/727 553/2628/727 545/2627/727
f 553/2632/728 554/2631/728 545/2630/728
f 554/2635/729 555/2634/729 545/2633/729
f 555/2638/730 556/2637/730 545/2636/730
f 556/2641/731 557/2640/731 545/2639/731
f 557/2644/732 547/2643/732 545/2642/732
f 559/2648/733 558/2647/733 546/2646/733 547/2645/733
f 558/2652/734 560/2651/734 548/2650/734 546/2649/734
f 560/2656/735 561/2655/735 549/2654/735 548/2653/735
f 561/2660/736 562/2659/736 550/2658/736 549/2657/736
f 562/2664/737 563/2663/737 551/2662/737 550/2661/737
f 563/2668/738 564/2667/738 552/2666/738 551/2665/738
f 564/2672/739 565/2671/739 553/2670/739 552/2669/739
f 565/2676/740 566/2675/740 554/2674/740 553/2673/740
f 566/2680/741 567/2679/741 555/2678/741 554/2677/741
f 567/2684/742 568/2683/742 556/2682/742 555/2681/742
f 568/2688/743 569/2687/743 557/2686/743 556/2685/743
f 569/2692/744 559/2691/744 547/2690/744 557/2689/744
f 571/2696/745 570/2695/745 558/2694/745 559/2693/745
f 570/2700/746 572/2699/746 560/2698/746 558/2697/746
f 572/2704/747 573/2703/747 561/2702/747 560/2701/747
f 573/2708/748 574/2707/748 562/2706/748 561/2705/748
f 574/2712/749 575/2711/749 563/2710/749 562/2709/749
f 575/2716/750 576/2715/750 564/2714/750 563/2713/750
f 576/2720/751 577/2719/751 565/2718/751 564/2717/751
f 577/2724/752 578/2723/752 566/2722/752 565/2721/752
f 578/2728/753 579/2727/753 567/2726/753 566/2725/753
f 579/2732/754 580/2731/754 568/2730/754 567/2729/754
f 580/2736/755 581/2735/755 569/2734/755 568/2733/755
f 581/2740/756 571/2739/756 559/2738/756 569/2737/756
f 583/2744/757 582/2743/757 570/2742/757 571/2741/757
f 582/2748/758 584/2747/758 572/2746/758 570/2745/758
f 584/2752/759 585/2751/759 573/2750/759 572/2749/759
f 585/2756/760 586/2755/760 574/2754/760 573/2753/760
f 586/2760/761 587/2759/761 575/2758/761 574/2757/761
f 587/2764/762 588/2763/762 576/2762/762 575/2761/762
f 588/2768/763 589/2767/763 577/2766/763 576/2765/763
f 589/2772/764 590/2771/764 578/2770/764 577/2769/764
f 590/2776/765 591/2775/765 579/2774/765 578/2773/765
f 591/2780/766 592/2779/766 580/2778/766 579/2777/766
f 592/2784/767 593/2783/767 581/2782/767 580/2781/767
f 593/2788/768 583/2787/768 571/2786/768 581/2785/768
f 595/2792/769 594/2791/769 582/2790/769 583/2789/769
f 594/2796/770 596/2795/770 584/2794/770 582/2793/770
f 596/2800/771 597/2799/771 585/2798/771 584/2797/771
f 597/2804/772 598/2803/772 586/2802/772 585/2801/772
f 598/2808/773 599/2807/773 587/2806/773 586/2805/773
f 599/2812/774 600/2811/774 588/2810/774 587/2809/774
f 600/2816/775 601/2815/775 589/2814/775 588/2813/775
f 601/2820/776 602/2819/776 590/2818/776 589/2817/776
f 602/2824/777 603/2823/777 591/2822/777 590/2821/777
f 603/2828/778 604/2827/778 592/2826/778 591/2825/778
f 604/2832/779 605/2831/779 593/2830/779 592/2829/779
f 605/2836/780 595/2835/780 583/2834/780 593/2833/780
f 607/2840/781 606/2839/781 594/2838/781 595/2837/781
f 606/2844/782 608/2843/782 596/2842/782 594/2841/782
f 608/2848/783 609/2847/783 597/2846/783 596/2845/783
f 609/2852/784 610/2851/784 598/2850/784 597/2849/784
f 610/2856/785 611/2855/785 599/2854/785 598/2853/785
f 611/2860/786 612/2859/786 600/2858/786 599/2857/786
f 612/2864/787 613/2863/787 601/2862/787 600/2861/787
f 613/2868/788 614/2867/788 602/2866/788 601/2865/788
f 614/2872/789 615/2871/789 603/2870/789 602/2869/789
f 615/2876/790 616/2875/790 604/2874/790 603/2873/790
f 616/2880/791 617/2879/791 605/2878/791 604/2877/791
f 617/2884/792 607/2883/792 595/2882/792 605/2881/792
f 619/2888/793 618/2887/793 606/2886/793 607/2885/793
f 618/2892/794 620/2891/794 608/2890/794 606/2889/794
f 620/2896/795 621/2895/795 609/2894/795 608/2893/795
f 621/2900/796 622/2899/796 610/2898/796 609/2897/796
f 622/2904/797 623/2903/797 611/2902/797 610/2901/797
f 623/2908/798 624/2907/798 612/2906/798 611/2905/798
f 624/2912/799 625/2911/799 613/2910/799 612/2909/799
f 625/2916/800 626/2915/800 614/2914/800 613/2913/800
f 626/2920/801 627/2919/801 615/2918/801 614/2917/801
f 627/2924/802 628/2923/802 616/2922/802 615/2921/802
f 628/2928/803 629/2927/803 617/2926/803 616/2925/803
f 629/2932/804 619/2931/804 607/2930/804 617/2929/804
f 631/2936/805 630/2935/805 618/2934/805 619/2933/805
f 630/2940/806 632/2939/806 620/2938/806 618/2937/806
f 632/2944/807 633/2943/807 621/2942/807 620/2941/807
f 633/2948/808 634/2947/808 622/2946/808 621/2945/808
f 634/2952/809 635/2951/809 623/2950/809 622/2949/809
f 635/2956/810 636/2955/810 624/2954/810 623/2953/810
f 636/2960/811 637/2959/811 625/2958/811 624/2957/811
f 637/2964/812 638/2963/812 626/2962/812 625/2961/812
f 638/2968/813 639/2967/813 627/2966/813 626/2965/813
f 639/2972/814 640/2971/814 628/2970/814 627/2969/814
f 640/2976/815 641/2975/815 629/2974/815 628/2973/815
f 641/2980/816 631/2979/816 619/2978/816 629/2977/816
f 642/2983/817 630/2982/817 631/2981/817
f 642/2986/818 632/2985/818 630/2984/818
f 642/2989/819 633/2988/819 632/2987/819
f 642/2992/820 634/2991/820 633/2990/820
f 642/2995/821 635/2994/821 634/2993/821
f 642/2998/822 636/2997/822 635/2996/822
f 642/3001/823 637/3000/823 636/2999/823
f 642/3004/824 638/3003/824 637/3002/824
f 642/3007/825 639/3006/825 638/3005/825
f 642/3010/826 640/3009/826 639/3008/826
f 642/3013/827 641/3012/827 640/3011/827
f 642/3016/828 631/3015/828 641/3014/828
o group1393200351
g mesh1393200351
usemtl mat19
f 344/1664/501 343/1663/501 342/1662/501 341/1661/501
f 343/1668/502 346/1667/502 345/1666/502 342/1665/502
f 346/1672/503 348/1671/503 347/1670/503 345/1669/503
f 348/1676/504 350/1675/504 349/1674/504 347/1673/504
f 350/1680/505 352/1679/505 351/1678/505 349/1677/505
f 352/1684/506 344/1683/506 341/1682/506 351/1681/506
f 341/1690/507 342/1689/507 345/1688/507 347/1687/507 349/1686/507 351/1685/507
f 352/1696/508 350/1695/508 348/1694/508 346/1693/508 343/1692/508 344/1691/508
f 354/1700/509 353/1699/509 349/1698/509 351/1697/509
f 353/1704/510 355/1703/510 347/1702/510 349/1701/510
f 355/1708/511 356/1707/511 345/1706/511 347/1705/511
f 356/1712/512 357/1711/512 342/1710/512 345/1709/512
f 357/1716/513 358/1715/513 341/1714/513 342/1713/513
f 358/1720/514 354/1719/514 351/1718/514 341/1717/514
f 358/1726/515 357/1725/515 356/1724/515 355/1723/515 353/1722/515 354/1721/515
f 360/1730/516 359/1729/516 353/1728/516 354/1727/516
f 359/1734/517 361/1733/517 355/1732/517 353/1731/517
f 361/1738/518 362/1737/518 356/1736/518 355/1735/518
f 362/1742/519 363/1741/519 357/1740/519 356/1739/519
f 363/1746/520 364/1745/520 358/1744/520 357/1743/520
f 364/1750/521 360/1749/521 354/1748/521 358/1747/521
f 364/1756/522 363/1755/522 362/1754/522 361/1753/522 359/1752/522 360/1751/522
f 366/1760/523 365/1759/523 359/1758/523 360/1757/523
f 365/1764/524 367/1763/524 361/1762/524 359/1761/524
f 367/1768/525 368/1767/525 362/1766/525 361/1765/525
f 368/1772/526 369/1771/526 363/1770/526 362/1769/526
f 369/1776/527 370/1775/527 364/1774/527 363/1773/527
f 370/1780/528 366/1779/528 360/1778/528 364/1777/528
f 370/1786/529 369/1785/529 368/1784/529 367/1783/529 365/1782/529 366/1781/529
f 372/1790/530 371/1789/530 365/1788/530 366/1787/530
f 371/1794/531 373/1793/531 367/1792/531 365/1791/531
f 373/1798/532 374/1797/532 368/1796/532 367/1795/532
f 374/1802/533 375/1801/533 369/1800/533 368/1799/533
f 375/1806/534 376/1805/534 370/1804/534 369/1803/534
f 376/1810/535 372/1809/535 366/1808/535 370/1807/535
f 376/1816/536 375/1815/536 374/1814/536 373/1813/536 371/1812/536 372/1811/536
f 378/1820/537 377/1819/537 371/1818/537 372/1817/537
f 377/1824/538 379/1823/538 373/1822/538 371/1821/538
f 379/1828/539 380/1827/539 374/1826/539 373/1825/539
f 380/1832/540 381/1831/540 375/1830/540 374/1829/540
f 381/1836/541 382/1835/541 376/1834/541 375/1833/541
f 382/1840/542 378/1839/542 372/1838/542 376/1837/542
f 382/1846/543 381/1845/543 380/1844/543 379/1843/543 377/1842/543 378/1841/543
f 384/1850/544 383/1849/544 377/1848/544 378/1847/544
f 383/1854/545 385/1853/545 379/1852/545 377/1851/545
f 385/1858/546 386/1857/546 380/1856/546 379/1855/546
f 386/1862/547 387/1861/547 381/1860/547 380/1859/547
f 387/1866/548 388/1865/548 382/1864/548 381/1863/548
f 388/1870/549 384/1869/549 378/1868/549 382/1867/549
f 388/1876/550 387/1875/550 386/1874/550 385/1873/550 383/1872/550 384/1871/550
f 390/1880/551 389/1879/551 383/1878/551 384/1877/551
f 389/1884/552 391/1883/552 385/1882/552 383/1881/552
f 391/1888/553 392/1887/553 386/1886/553 385/1885/553
f 392/1892/554 393/1891/554 387/1890/554 386/1889/554
f 393/1896/555 394/1895/555 388/1894/555 387/1893/555
f 394/1900/556 390/1899/556 384/1898/556 388/1897/556
f 394/1906/557 393/1905/557 392/1904/557 391/1903/557 389/1902/557 390/1901/557
o group161408949
g mesh161408949
usemtl mat19
f 398/1910/558 397/1909/558 396/1908/558 395/1907/558
f 397/1914/559 400/1913/559 399/1912/559 396/1911/559
f 400/1918/560 402/1917/560 401/1916/560 399/1915/560
f 402/1922/561 404/1921/561 403/1920/561 401/1919/561
f 404/1926/562 406/1925/562 405/1924/562 403/1923/562
f 406/1930/563 398/1929/563 395/1928/563 405/1927/563
f 395/1936/564 396/1935/564 399/1934/564 401/1933/564 403/1932/564 405/1931/564
f 406/1942/565 404/1941/565 402/1940/565 400/1939/565 397/1938/565 398/1937/565
f 408/1946/566 407/1945/566 403/1944/566 405/1943/566
f 407/1950/567 409/1949/567 401/1948/567 403/1947/567
f 409/1954/568 410/1953/568 399/1952/568 401/1951/568
f 410/1958/569 411/1957/569 396/1956/569 399/1955/569
f 411/1962/570 412/1961/570 395/1960/570 396/1959/570
f 412/1966/571 408/1965/571 405/1964/571 395/1963/571
f 412/1972/572 411/1971/572 410/1970/572 409/1969/572 407/1968/572 408/1967/572
f 414/1976/573 413/1975/573 407/1974/573 408/1973/573
f 413/1980/574 415/1979/574 409/1978/574 407/1977/574
f 415/1984/575 416/1983/575 410/1982/575 409/1981/575
f 416/1988/576 417/1987/576 411/1986/576 410/1985/576
f 417/1992/577 418/1991/577 412/1990/577 411/1989/577
f 418/1996/578 414/1995/578 408/1994/578 412/1993/578
f 418/2002/579 417/2001/579 416/2000/579 415/1999/579 413/1998/579 414/1997/579
f 420/2006/580 419/2005/580 413/2004/580 414/2003/580
f 419/2010/581 421/2009/581 415/2008/581 413/2007/581
f 421/2014/582 422/2013/582 416/2012/582 415/2011/582
f 422/2018/583 423/2017/583 417/2016/583 416/2015/583
f 423/2022/584 424/2021/584 418/2020/584 417/2019/584
f 424/2026/585 420/2025/585 414/2024/585 418/2023/585
f 424/2032/586 423/2031/586 422/2030/586 421/2029/586 419/2028/586 420/2027/586
f 426/2036/587 425/2035/587 419/2034/587 420/2033/587
f 425/2040/588 427/2039/588 421/2038/588 419/2037/588
f 427/2044/589 428/2043/589 422/2042/589 421/2041/589
f 428/2048/590 429/2047/590 423/2046/590 422/2045/590
f 429/2052/591 430/2051/591 424/2050/591 423/2049/591
f 430/2056/592 426/2055/592 420/2054/592 424/2053/592
f 430/2062/593 429/2061/593 428/2060/593 427/2059/593 425/2058/593 426/2057/593
f 432/2066/594 431/2065/594 425/2064/594 426/2063/594
f 431/2070/595 433/2069/595 427/2068/595 425/2067/595
f 433/2074/596 434/2073/596 428/2072/596 427/2071/596
f 434/2078/597 435/2077/597 429/2076/597 428/2075/597
f 435/2082/598 436/2081/598 430/2080/598 429/2079/598
f 436/2086/599 432/2085/599 426/2084/599 430/2083/599
f 436/2092/600 435/2091/600 434/2090/600 433/2089/600 431/2088/600 432/2087/600
f 438/2096/601 437/2095/601 431/2094/601 432/2093/601
f 437/2100/602 439/2099/602 433/2098/602 431/2097/602
f 439/2104/603 440/2103/603 434/2102/603 433/2101/603
f 440/2108/604 441/2107/604 435/2106/604 434/2105/604
f 441/2112/605 442/2111/605 436/2110/605 435/2109/605
f 442/2116/606 438/2115/606 432/2114/606 436/2113/606
f 442/2122/607 441/2121/607 440/2120/607 439/2119/607 437/2118/607 438/2117/607
f 444/2126/608 443/2125/608 437/2124/608 438/2123/608
f 443/2130/609 445/2129/609 439/2128/609 437/2127/609
f 445/2134/610 446/2133/610 440/2132/610 439/2131/610
f 446/2138/611 447/2137/611 441/2136/611 440/2135/611
f 447/2142/612 448/2141/612 442/2140/612 441/2139/612
f 448/2146/613 444/2145/613 438/2144/613 442/2143/613
f 448/2152/614 447/2151/614 446/2150/614 445/2149/614 443/2148/614 444/2147/614
f 450/2156/615 449/2155/615 443/2154/615 444/2153/615
f 449/2160/616 451/2159/616 445/2158/616 443/2157/616
f 451/2164/617 452/2163/617 446/2162/617 445/2161/617
f 452/2168/618 453/2167/618 447/2166/618 446/2165/618
f 453/2172/619 454/2171/619 448/2170/619 447/2169/619
f 454/2176/620 450/2175/620 444/2174/620 448/2173/620
f 454/2182/621 453/2181/621 452/2180/621 451/2179/621 449/2178/621 450/2177/621
f 456/2186/622 455/2185/622 449/2184/622 450/2183/622
f 455/2190/623 457/2189/623 451/2188/623 449/2187/623
f 457/2194/624 458/2193/624 452/2192/624 451/2191/624
f 458/2198/625 459/2197/625 453/2196/625 452/2195/625
f 459/2202/626 460/2201/626 454/2200/626 453/2199/626
f 460/2206/627 456/2205/627 450/2204/627 454/2203/627
f 460/2212/628 459/2211/628 458/2210/628 457/2209/628 455/2208/628 456/2207/628
f 462/2216/629 461/2215/629 455/2214/629 456/2213/629
f 461/2220/630 463/2219/630 457/2218/630 455/2217/630
f 463/2224/631 464/2223/631 458/2222/631 457/2221/631
f 464/2228/632 465/2227/632 459/2226/632 458/2225/632
f 465/2232/633 466/2231/633 460/2230/633 459/2229/633
f 466/2236/634 462/2235/634 456/2234/634 460/2233/634
f 466/2242/635 465/2241/635 464/2240/635 463/2239/635 461/2238/635 462/2237/635
f 468/2246/636 467/2245/636 461/2244/636 462/2243/636
f 467/2250/637 469/2249/637 463/2248/637 461/2247/637
f 469/2254/638 470/2253/638 464/2252/638 463/2251/638
f 470/2258/639 471/2257/639 465/2256/639 464/2255/639
f 471/2262/640 472/2261/640 466/2260/640 465/2259/640
f 472/2266/641 468/2265/641 462/2264/641 466/2263/641
f 472/2272/642 471/2271/642 470/2270/642 469/2269/642 467/2268/642 468/2267/642
o group1991824997
g mesh1991824997
usemtl mat19
f 476/2276/643 475/2275/643 474/2274/643 473/2273/643
f 475/2280/644 478/2279/644 477/2278/644 474/2277/644
f 478/2284/645 480/2283/645 479/2282/645 477/2281/645
f 480/2288/646 482/2287/646 481/2286/646 479/2285/646
f 482/2292/647 484/2291/647 483/2290/647 481/2289/647
f 484/2296/648 476/2295/648 473/2294/648 483/2293/648
f 473/2302/649 474/2301/649 477/2300/649 479/2299/649 481/2298/649 483/2297/649
f 484/2308/650 482/2307/650 480/2306/650 478/2305/650 475/2304/650 476/2303/650
f 486/2312/651 485/2311/651 481/2310/651 483/2309/651
f 485/2316/652 487/2315/652 479/2314/652 481/2313/652
f 487/2320/653 488/2319/653 477/2318/653 479/2317/653
f 488/2324/654 489/2323/654 474/2322/654 477/2321/654
f 489/2328/655 490/2327/655 473/2326/655 474/2325/655
f 490/2332/656 486/2331/656 483/2330/656 473/2329/656
f 490/2338/657 489/2337/657 488/2336/657 487/2335/657 485/2334/657 486/2333/657
f 492/2342/658 491/2341/658 485/2340/658 486/2339/658
f 491/2346/659 493/2345/659 487/2344/659 485/2343/659
f 493/2350/660 494/2349/660 488/2348/660 487/2347/660
f 494/2354/661 495/2353/661 489/2352/661 488/2351/661
f 495/2358/662 496/2357/662 490/2356/662 489/2355/662
f 496/2362/663 492/2361/663 486/2360/663 490/2359/663
f 496/2368/664 495/2367/664 494/2366/664 493/2365/664 491/2364/664 492/2363/664
f 498/2372/665 497/2371/665 491/2370/665 492/2369/665
f 497/2376/666 499/2375/666 493/2374/666 491/2373/666
f 499/2380/667 500/2379/667 494/2378/667 493/2377/667
f 500/2384/668 501/2383/668 495/2382/668 494/2381/668
f 501/2388/669 502/2387/669 496/2386/669 495/2385/669
f 502/2392/670 498/2391/670 492/2390/670 496/2389/670
f 502/2398/671 501/2397/671 500/2396/671 499/2395/671 497/2394/671 498/2393/671
f 504/2402/672 503/2401/672 497/2400/672 498/2399/672
f 503/2406/673 505/2405/673 499/2404/673 497/2403/673
f 505/2410/674 506/2409/674 500/2408/674 499/2407/674
f 506/2414/675 507/2413/675 501/2412/675 500/2411/675
f 507/2418/676 508/2417/676 502/2416/676 501/2415/676
f 508/2422/677 504/2421/677 498/2420/677 502/2419/677
f 508/2428/678 507/2427/678 506/2426/678 505/2425/678 503/2424/678 504/2423/678
f 510/2432/679 509/2431/679 503/2430/679 504/2429/679
f 509/2436/680 511/2435/680 505/2434/680 503/2433/680
f 511/2440/681 512/2439/681 506/2438/681 505/2437/681
f 512/2444/682 513/2443/682 507/2442/682 506/2441/682
f 513/2448/683 514/2447/683 508/2446/683 507/2445/683
f 514/2452/684 510/2451/684 504/2450/684 508/2449/684
f 514/2458/685 513/2457/685 512/2456/685 511/2455/685 509/2454/685 510/2453/685
f 516/2462/686 515/2461/686 509/2460/686 510/2459/686
f 515/2466/687 517/2465/687 511/2464/687 509/2463/687
f 517/2470/688 518/2469/688 512/2468/688 511/2467/688
f 518/2474/689 519/2473/689 513/2472/689 512/2471/689
f 519/2478/690 520/2477/690 514/2476/690 513/2475/690
f 520/2482/691 516/2481/691 510/2480/691 514/2479/691
f 520/2488/692 519/2487/692 518/2486/692 517/2485/692 515/2484/692 516/2483/692
f 522/2492/693 521/2491/693 515/2490/693 516/2489/693
f 521/2496/694 523/2495/694 517/2494/694 515/2493/694
f 523/2500/695 524/2499/695 518/2498/695 517/2497/695
f 524/2504/696 525/2503/696 519/2502/696 518/2501/696
f 525/2508/697 526/2507/697 520/2506/697 519/2505/697
f 526/2512/698 522/2511/698 516/2510/698 520/2509/698
f 526/2518/699 525/2517/699 524/2516/699 523/2515/699 521/2514/699 522/2513/699
f 528/2522/700 527/2521/700 521/2520/700 522/2519/700
f 527/2526/701 529/2525/701 523/2524/701 521/2523/701
f 529/2530/702 530/2529/702 524/2528/702 523/2527/702
f 530/2534/703 531/2533/703 525/2532/703 524/2531/703
f 531/2538/704 532/2537/704 526/2536/704 525/2535/704
f 532/2542/705 528/2541/705 522/2540/705 526/2539/705
f 532/2548/706 531/2547/706 530/2546/706 529/2545/706 527/2544/706 528/2543/706
f 534/2552/707 533/2551/707 527/2550/707 528/2549/707
f 533/2556/708 535/2555/708 529/2554/708 527/2553/708
f 535/2560/709 536/2559/709 530/2558/709 529/2557/709
f 536/2564/710 537/2563/710 531/2562/710 530/2561/710
f 537/2568/711 538/2567/711 532/2566/711 531/2565/711
f 538/2572/712 534/2571/712 528/2570/712 532/2569/712
f 538/2578/713 537/2577/713 536/2576/713 535/2575/713 533/2574/713 534/2573/713
f 540/2582/714 539/2581/714 533/2580/714 534/2579/714
f 539/2586/715 541/2585/715 535/2584/715 533/2583/715
f 541/2590/716 542/2589/716 536/2588/716 535/2587/716
f 542/2594/717 543/2593/717 537/2592/717 536/2591/717
f 543/2598/718 544/2597/718 538/2596/718 537/2595/718
f 544/2602/719 540/2601/719 534/2600/719 538/2599/719
f 544/2608/720 543/2607/720 542/2606/720 541/2605/720 539/2604/720 540/2603/720
